teamIDfg,Season,Team,Age,W,L,ERA,G,GS,CG,ShO,SV,BS,IP,TBF,H,RA_pit,ER,HR,BB,IBB,HBP,WP,BK,SO,GB,FB,LD,IFFB,Balls,Strikes,Pitches,RS,IFH,BU,BUH,K/9,BB/9,K/BB,H/9,HR/9,AVG,WHIP,BABIP,LOB%,FIP,GB/FB,LD%,GB%,FB%,IFFB%,HR/FB,IFH%,BUH%,Starting,Start-IP,Relieving,Relief-IP,RAR,WAR,Dollars,tERA,xFIP,WPA,#NAME?,#NAME?,RE24,REW,pLI,inLI,gmLI,exLI,Pulls,WPA/LI,Clutch,FB% 2,FBv,SL%,SLv,CT%,CTv,CB%,CBv,CH%,CHv,SF%,SFv,KN%,KNv,XX%,PO%,wFB,wSL,wCT,wCB,wCH,wSF,wKN,wFB/C,wSL/C,wCT/C,wCB/C,wCH/C,wSF/C,wKN/C,O-Swing%,Z-Swing%,Swing%,O-Contact%,Z-Contact%,Contact%,Zone%,F-Strike%,SwStr%,HLD,SD,MD,ERA-,FIP-,xFIP-,K%,BB%,SIERA,RS/9,E-F,FA% (sc),FT% (sc),FC% (sc),FS% (sc),FO% (sc),SI% (sc),SL% (sc),CU% (sc),KC% (sc),EP% (sc),CH% (sc),SC% (sc),KN% (sc),UN% (sc),vFA (sc),vFT (sc),vFC (sc),vFS (sc),vFO (sc),vSI (sc),vSL (sc),vCU (sc),vKC (sc),vEP (sc),vCH (sc),vSC (sc),vKN (sc),FA-X (sc),FT-X (sc),FC-X (sc),FS-X (sc),FO-X (sc),SI-X (sc),SL-X (sc),CU-X (sc),KC-X (sc),EP-X (sc),CH-X (sc),SC-X (sc),KN-X (sc),FA-Z (sc),FT-Z (sc),FC-Z (sc),FS-Z (sc),FO-Z (sc),SI-Z (sc),SL-Z (sc),CU-Z (sc),KC-Z (sc),EP-Z (sc),CH-Z (sc),SC-Z (sc),KN-Z (sc),wFA (sc),wFT (sc),wFC (sc),wFS (sc),wFO (sc),wSI (sc),wSL (sc),wCU (sc),wKC (sc),wEP (sc),wCH (sc),wSC (sc),wKN (sc),wFA/C (sc),wFT/C (sc),wFC/C (sc),wFS/C (sc),wFO/C (sc),wSI/C (sc),wSL/C (sc),wCU/C (sc),wKC/C (sc),wEP/C (sc),wCH/C (sc),wSC/C (sc),wKN/C (sc),O-Swing% (sc),Z-Swing% (sc),Swing% (sc),O-Contact% (sc),Z-Contact% (sc),Contact% (sc),Zone% (sc),Pace,RA9-WAR,BIP-Wins,LOB-Wins,FDP-Wins,Age Rng,K-BB%,Pull%,Cent%,Oppo%,Soft%,Med%,Hard%,kwERA,TTO%,CH% (pi),CS% (pi),CU% (pi),FA% (pi),FC% (pi),FS% (pi),KN% (pi),SB% (pi),SI% (pi),SL% (pi),XX% (pi),vCH (pi),vCS (pi),vCU (pi),vFA (pi),vFC (pi),vFS (pi),vKN (pi),vSB (pi),vSI (pi),vSL (pi),vXX (pi),CH-X (pi),CS-X (pi),CU-X (pi),FA-X (pi),FC-X (pi),FS-X (pi),KN-X (pi),SB-X (pi),SI-X (pi),SL-X (pi),XX-X (pi),CH-Z (pi),CS-Z (pi),CU-Z (pi),FA-Z (pi),FC-Z (pi),FS-Z (pi),KN-Z (pi),SB-Z (pi),SI-Z (pi),SL-Z (pi),XX-Z (pi),wCH (pi),wCS (pi),wCU (pi),wFA (pi),wFC (pi),wFS (pi),wKN (pi),wSB (pi),wSI (pi),wSL (pi),wXX (pi),wCH/C (pi),wCS/C (pi),wCU/C (pi),wFA/C (pi),wFC/C (pi),wFS/C (pi),wKN/C (pi),wSB/C (pi),wSI/C (pi),wSL/C (pi),wXX/C (pi),O-Swing% (pi),Z-Swing% (pi),Swing% (pi),O-Contact% (pi),Z-Contact% (pi),Contact% (pi),Zone% (pi),Pace (pi),FRM,K/9+,BB/9+,K/BB+,H/9+,HR/9+,AVG+,WHIP+,BABIP+,LOB%+,K%+,BB%+,LD%+,GB%+,FB%+,HR/FB%+,Pull%+,Cent%+,Oppo%+,Soft%+,Med%+,Hard%+,EV,LA,Barrels,Barrel%,maxEV,HardHit,HardHit%,Events,CStr%,CSW%,xERA,botERA,botOvr CH,botStf CH,botCmd CH,botOvr CU,botStf CU,botCmd CU,botOvr FA,botStf FA,botCmd FA,botOvr SI,botStf SI,botCmd SI,botOvr SL,botStf SL,botCmd SL,botOvr KC,botStf KC,botCmd KC,botOvr FC,botStf FC,botCmd FC,botOvr FS,botStf FS,botCmd FS,botOvr,botStf,botCmd,botxRV100,Stf+ CH,Loc+ CH,Pit+ CH,Stf+ CU,Loc+ CU,Pit+ CU,Stf+ FA,Loc+ FA,Pit+ FA,Stf+ SI,Loc+ SI,Pit+ SI,Stf+ SL,Loc+ SL,Pit+ SL,Stf+ KC,Loc+ KC,Pit+ KC,Stf+ FC,Loc+ FC,Pit+ FC,Stf+ FS,Loc+ FS,Pit+ FS,Stuff+,Location+,Pitching+,Stf+ FO,Loc+ FO,Pit+ FO
3,2024,BOS,30,6,3,1.44,40,9,0,0,5,3,81.1,326,54,22,13,6,22,1,4,3,0,97,97,62,42,7,466,858,1324,38,8,2,1,10.73,2.43,4.41,5.98,0.66,0.18,0.937114673,0.244,0.81,2.631442663,1.56,0.209,0.483,0.308,0.113,0.097,0.082,0.5,12.6,46.3,7.4,32.7,20,2.3,$18.10 ,3.15,2.88,2.05,-5.97,8.02,18.32,1.96,1.33,1.17,1.63,1.83,32,2,-0.46,0.295,94,0.334,83.5,0.209,90.1,0.026,79.8,0.109,86.3,0.026,86.7,,,0.003,,7.4,6.7,4,1.3,-0.5,0.4,,1.89,1.51,1.46,3.73,-0.35,1.28,,0.324,0.697,0.483,0.549,0.84,0.728,0.426,0.626,0.131,7,18,6,38,62,66,0.298,0.068,2.78,4.2,-1.29,0.131,,0.215,0.026,,0.165,0.327,0.022,0.005,,0.109,,,,93.8,,90,86.5,,94.1,83.3,80.2,77.3,,86.2,,,-4.1,,1.9,-7.3,,-8,5.3,2.6,5.3,,-7.4,,,11.3,,5.7,0.6,,3.5,0.6,-8.8,-9,,2.5,,,6.2,,3.3,0.4,,2.5,7.2,0.8,0.5,,0.2,,,3.57,,1.18,1.28,,1.16,1.66,2.8,8.69,,0.17,,,0.292,0.67,0.483,0.471,0.839,0.729,0.505,18.4,2.8,0.5,0,0.5,25 - 38,0.23,0.34,0.395,0.265,0.195,0.53,0.275,3.24,0.383,0.104,,0.026,0.128,0.218,0.026,,,0.173,0.324,,86.4,,80.1,94.5,90.2,87.1,,,94.3,84,,-8.1,,3.4,-4,2.4,-6.8,,,-7.2,5.7,,0.8,,-11,9.8,3.6,-1,,,2.2,-0.6,,-0.3,,1.3,6.2,6.8,0.4,,,3.2,3.6,,-0.22,,3.81,3.64,2.36,1.28,,,1.41,0.84,,0.292,0.665,0.483,0.492,0.827,0.728,0.511,18.4,-0.1,124,71,127,78,64,80,76,89,107,130,75,105,114,82,89,85,113,106,110,102,91,86.4,9.9,11,0.054,110.7,69,0.34,203,0.162,0.294,,3.85,47,49,48,63,46,66,52,55,48,56,49,55,49,49,49,57,42,58,50,46,51,59,44,65,52,51,52,-0.14,89,105,105,101,116,111,114,109,110,91,105,102,116,100,109,89,103,97,103,95,99,130,122,118,109,103,106,,,
5,2024,CLE,28,7,2,2.28,44,9,0,0,4,0,79,328,57,21,20,4,33,0,8,3,0,96,85,65,40,7,514,836,1350,53,5,1,0,10.94,3.76,2.91,6.49,0.46,0.199,1.139240506,0.283,0.833,2.884810127,1.31,0.211,0.447,0.342,0.108,0.062,0.059,0,9.1,43.4,5.9,32.8,15,1.7,$13.50 ,3.14,3.52,1.08,-4.63,5.72,14.64,1.54,0.99,0.82,1.06,1.11,35,1.16,-0.07,0.404,93,0.286,83.2,0.044,86.2,0.093,79.2,0.098,84.4,0.076,84.6,,,0.002,,-1,5.6,0.8,-0.3,3,0.4,,-0.18,1.45,1.33,-0.27,2.3,0.43,,0.288,0.689,0.443,0.534,0.791,0.688,0.386,0.582,0.138,11,11,5,65,70,84,0.293,0.101,3.28,6.04,-0.71,0.333,,0.067,0.054,,0.036,0.285,0.091,0.013,,0.122,,,,92.6,,92.5,86.2,,90.9,83.4,78.9,82.8,,83.7,,,-2.4,,0.6,-8.2,,-7.3,2.5,4.6,2.5,,-6.3,,,9.4,,5.7,-0.2,,2.3,3,-3.5,-6.3,,3.5,,,-1.5,,2,2.9,,-0.9,6.8,-0.4,-0.3,,1.5,,,-0.34,,2.25,3.94,,-1.84,1.77,-0.34,-1.88,,0.93,,,0.267,0.636,0.443,0.484,0.779,0.686,0.477,18.1,2.3,-0.2,0.8,0.6,25 - 37,0.192,0.398,0.387,0.215,0.157,0.565,0.278,3.69,0.406,0.132,,0.079,0.301,0.091,0.043,,,0.056,0.297,,84,,79.3,93.3,91.9,87.3,,,91.6,83.3,,-5.9,,6.9,-1.9,0.5,-7.2,,,-3.9,3.1,,1.2,,-6.2,8.4,3.7,-1.1,,,2.6,1,,3.1,,-0.3,-2.2,2.1,1.6,,,-0.5,6.2,,1.75,,-0.29,-0.54,1.7,2.79,,,-0.66,1.55,,0.26,0.636,0.442,0.47,0.783,0.687,0.483,18.1,0.5,126,110,102,84,44,88,92,103,111,128,111,106,105,91,56,99,111,86,88,109,92,88.7,12.4,9,0.047,111.4,66,0.346,191,0.177,0.315,,4.76,51,52,50,38,51,38,49,49,49,28,47,27,51,52,52,43,42,55,58,53,54,36,56,42,45,52,47,0.47,97,106,109,108,87,95,88,97,92,83,60,55,114,104,106,133,95,91,119,109,107,96,92,99,102,98,99,,,
7,2024,KCR,30,5,4,2.48,35,9,0,0,3,2,80,316,54,22,22,4,26,3,6,1,0,73,105,64,40,5,418,739,1157,39,6,2,0,8.21,2.93,2.81,6.08,0.45,0.19,1,0.242,0.796,3.125,1.64,0.191,0.502,0.306,0.078,0.063,0.057,0,13.6,56.4,0,21.5,13.6,1.5,$11.90 ,3.52,3.73,1.02,-6.17,7.19,20.41,1.96,1.25,1.1,1.46,1.67,26,2.07,-1.26,0.413,93.1,0.217,84.2,0.068,90.1,0.133,79.3,0.169,85.3,,,,,0.01,,13.6,-1.9,1.5,-0.8,3.2,,,2.86,-0.75,1.98,-0.53,1.67,,,0.283,0.68,0.453,0.497,0.827,0.709,0.428,0.598,0.131,7,8,7,66,76,90,0.231,0.082,3.66,4.39,-0.75,0.302,,0.068,,,0.112,0.218,0.12,0.013,,0.166,,,,93.1,,89.8,,,92.8,84.1,79.1,81.4,,85.3,,,-1,,1.3,,,-7.6,1.7,6.7,-6.4,,-1.5,,,9.5,,5.2,,,5.4,0.3,-6.2,-6.8,,5.2,,,7,,2,,,8.1,-1.6,-0.8,0.1,,2.5,,,2,,2.53,,,6.26,-0.65,-0.59,0.93,,1.32,,,0.257,0.636,0.453,0.406,0.824,0.709,0.518,17.3,2,0.7,-0.2,0.6,24 - 34,0.149,0.431,0.332,0.237,0.152,0.531,0.318,4.21,0.326,0.163,,0.13,0.283,0.07,0.004,,,0.114,0.236,,85.3,,79.9,93.3,91.2,85.8,,,92.9,83.9,,-1.5,,5.7,-0.8,0.9,-1.4,,,-7.5,2,,3.5,,-8.5,8.4,4.4,2.6,,,4.2,-0.9,,2.8,,-0.8,5.3,2.4,0,,,8.5,-1,,1.48,,-0.54,1.63,2.91,-0.1,,,6.46,-0.37,,0.247,0.639,0.454,0.4,0.815,0.708,0.527,17.3,0.2,95,85,103,79,44,84,81,88,106,101,91,96,118,81,57,108,95,95,85,102,105,89.4,6.9,13,0.062,112.6,84,0.398,211,0.183,0.315,,4.49,47,51,48,48,50,48,51,51,53,54,49,54,47,47,48,35,50,38,40,52,47,,,,47,49,49,0.29,97,91,90,107,96,106,88,101,96,82,105,101,109,98,103,86,87,93,89,84,83,,,,96,97,98,,,
6,2024,DET,29,6,2,2.51,36,8,0,0,3,3,75.1,298,42,21,21,9,32,0,4,2,0,77,77,76,30,9,455,764,1219,28,2,2,0,9.2,3.82,2.41,5.02,1.08,0.16,0.985352863,0.188,0.872,4.045406125,1.01,0.164,0.421,0.415,0.118,0.118,0.026,0,1.5,41.6,4.6,30.7,6.1,0.7,$5.70 ,3.94,4.05,3,-5,8,19.17,1.98,1.31,1.36,1.75,2,28,1.59,0.7,0.446,94.1,0.273,84,0.037,87.3,0.059,82.6,0.157,85.2,0.028,85.9,,,0.002,,5.9,0.5,1.1,1.8,4.8,1.3,,1.08,0.15,2.53,2.46,2.53,3.84,,0.314,0.678,0.462,0.546,0.842,0.722,0.406,0.641,0.128,4,15,4,70,103,99,0.258,0.107,3.78,3.35,-1.63,0.322,,0.054,0.077,,0.125,0.253,0.041,0.014,,0.113,,,,93.6,,85.9,84.1,,95.3,84,83.5,78.9,,86.1,,,-2.6,,-0.3,-8,,-1.6,1.2,-0.1,3.9,,1.3,,,10.1,,4,1.2,,6.2,1.5,-3.2,-5.9,,3.4,,,-1,,-1.4,3.3,,7.5,2.7,1.3,0.4,,2.8,,,-0.27,,-2.15,3.53,,4.99,0.88,2.64,2.64,,2.08,,,0.284,0.652,0.462,0.486,0.829,0.719,0.483,18.4,2.7,1.3,0.7,2,24 - 36,0.151,0.411,0.346,0.243,0.211,0.578,0.211,4.18,0.396,0.112,,0.055,0.321,0.038,0.076,,,0.126,0.27,0.001,86.4,,82.6,94,87.7,84.5,,,95.5,84.3,80.8,1.8,,1.8,-2,-0.5,-7.1,,,-1.2,2,0,1.6,,-5.8,8.7,2.6,-0.4,,,4.8,-0.1,0,2.9,,1.8,-1.2,1.4,3.3,,,7.7,-0.2,0,2.18,,2.71,-0.32,3.09,3.6,,,5.09,-0.08,-3.11,0.296,0.645,0.461,0.524,0.821,0.721,0.475,18.4,0.1,106,112,79,65,104,71,80,68,115,113,119,82,99,110,108,103,99,97,119,111,70,87.1,13.3,11,0.06,113.6,62,0.335,185,0.161,0.289,,4.53,51,56,47,45,61,44,46,50,45,49,54,49,51,50,52,28,46,31,58,56,48,49,48,51,47,52,47,0.31,104,92,104,104,100,102,96,90,89,91,105,103,101,100,104,107,92,86,79,105,102,126,102,110,100,98,100,,,
13,2024,TEX,31,6,2,2.87,34,8,0,0,1,0,72,297,54,27,23,6,28,2,7,5,0,64,77,89,32,9,430,736,1166,52,5,0,0,8,3.5,2.29,6.75,0.75,0.206,1.138888889,0.25,0.769,3.863888889,0.87,0.162,0.389,0.449,0.101,0.067,0.065,0,7.4,42.6,0.5,25.9,7.9,1,$7.80 ,3.76,4.67,1.28,-4.72,6,10.41,1.05,1.11,0.94,1.16,1.25,26,1.42,-0.27,0.463,93.5,0.184,85.3,0.08,91.5,0.097,79.2,0.1,84.6,0.076,88.3,,,0.008,,6.5,-3.4,-0.1,1.2,-0.2,6.1,,1.2,-1.59,-0.16,1.06,-0.14,6.91,,0.339,0.715,0.484,0.63,0.813,0.734,0.385,0.593,0.129,7,11,4,78,94,116,0.216,0.094,4.16,6.5,-1.09,0.394,,0.082,0.076,0.001,0.07,0.179,0.073,0.025,,0.1,,,,93.7,,91.3,88.2,81.2,92.4,85.3,77.4,84.5,,84.6,,,-1.3,,0.3,-9.1,-2.9,-9.5,0.8,0.4,3.5,,2.3,,,9.1,,6.8,0,5.4,4.9,2.4,-5.1,-6.5,,6.2,,,4.7,,-0.3,6.2,-1.4,1.8,-2.5,-0.9,2.1,,0.6,,,1.03,,-0.29,6.97,-138.64,2.22,-1.22,-1.11,7.24,,0.54,,,0.306,0.681,0.484,0.572,0.814,0.734,0.476,18.8,1.3,0.4,-0.1,0.4,26 - 39,0.121,0.343,0.354,0.303,0.187,0.465,0.349,4.54,0.33,0.101,,0.092,0.391,0.086,0.077,,,0.071,0.181,,84.8,,79.7,94,91.4,88.5,,,92.3,85.2,,2.6,,2.3,-1.1,1,-8.3,,,-7.7,1.3,,4.7,,-6.9,8.2,5.4,-1.3,,,3.3,0.8,,0.6,,0.8,4.2,0.3,4.8,,,2.4,-2.8,,0.5,,0.79,0.92,0.3,5.35,,,2.89,-1.32,,0.308,0.674,0.484,0.543,0.828,0.734,0.482,18.8,0.1,92,102,72,88,73,91,92,91,103,94,104,81,92,119,62,86,101,121,105,90,115,88.4,18,14,0.071,113.9,76,0.384,198,0.146,0.274,,4.36,45,49,46,50,47,50,51,49,52,46,48,44,45,45,50,43,59,47,51,54,54,60,61,59,48,49,51,0.2,102,91,93,102,101,101,93,99,95,89,99,101,96,95,96,138,87,93,115,97,97,129,109,120,100,98,98,127,105,143
25,2024,NYM,32,2,6,2.92,37,8,0,0,1,2,74,321,65,37,24,6,33,1,4,6,2,79,84,80,38,9,473,777,1250,22,13,2,2,9.61,4.01,2.39,7.91,0.73,0.229,1.324324324,0.296,0.694,3.518918919,1.05,0.188,0.416,0.396,0.113,0.075,0.155,1,7,41.1,3,31.5,10,1.1,$8.90 ,3.43,4.13,0.12,-6.56,6.68,1.94,0.22,1.18,1.09,1.39,1.53,29,0.11,-0.01,0.573,93.5,0.219,83.5,0.043,90.8,0.048,77.5,0.105,85.4,0.012,86.1,,,0.002,,3.7,-1.9,0.9,-0.2,-1,0.6,,0.51,-0.68,1.62,-0.4,-0.73,4.16,,0.272,0.664,0.439,0.651,0.844,0.776,0.426,0.601,0.098,6,11,7,66,90,100,0.246,0.103,3.86,2.68,-0.7,0.361,,0.043,0.011,,0.212,0.206,0.062,0.002,,0.103,,,,94,,91,85.9,,92.5,83.8,78.1,82.2,,85.3,,,-2.6,,-0.3,-6.9,,-6.4,1.5,-1.3,4.8,,1,,,8.7,,5,3,,5.7,1.2,-5.4,-7.3,,2.9,,,5.4,,-0.1,0.6,,-0.8,-1.8,1,-0.6,,-0.8,,,1.19,,-0.1,4.56,,-0.32,-0.69,1.28,-20.62,,-0.66,,,0.228,0.63,0.442,0.556,0.84,0.771,0.532,18.4,1.1,0.2,-0.3,-0.1,26 - 38,0.143,0.397,0.338,0.265,0.226,0.544,0.23,4.28,0.368,0.094,,0.064,0.32,0.043,0.02,,,0.251,0.206,0.002,85.9,,78.7,94.7,91.4,85.1,,,93,84.2,93.3,2.4,,-0.5,-3.3,0.7,-6.9,,,-3.1,2.6,0,1.1,,-7.4,7.7,3.5,0.5,,,4.1,-0.4,0,-0.6,,0.4,3.3,-0.2,0.4,,,1.9,-1.6,0,-0.51,,0.46,0.83,-0.35,1.56,,,0.6,-0.63,1.7,0.231,0.623,0.441,0.571,0.839,0.774,0.536,18.4,0.1,109,109,93,91,69,92,96,97,103,109,109,91,96,110,66,96,97,112,131,103,77,87.7,14.7,16,0.078,113,78,0.381,205,0.178,0.277,,4.1,45,45,46,47,45,47,54,52,54,50,55,48,52,52,49,57,42,59,33,50,39,36,66,29,50,51,49,0.03,88,98,96,121,107,102,94,105,105,99,93,94,117,104,114,112,117,113,81,86,87,52,69,88,100,100,102,,,
2,2024,BAL,29,5,3,3.07,37,8,0,0,1,2,73.1,296,59,29,25,9,17,1,2,3,0,81,91,73,32,8,400,752,1152,45,7,0,0,9.94,2.09,4.76,7.24,1.1,0.213,1.039671683,0.267,0.749,3.264158687,1.25,0.163,0.464,0.372,0.11,0.123,0.077,0,6.1,44.5,5.1,26.5,11.3,1.2,$9.90 ,3.05,3.21,0.35,-4.46,4.81,8.95,0.9,0.9,0.81,0.91,0.92,29,0.86,-0.47,0.37,93.8,0.131,83.9,0.183,90.9,0.187,80.6,0.129,85.7,,,,,0.005,,4.1,-2.6,-0.4,3.9,4.4,,,0.97,-1.73,-0.21,1.79,2.99,,,0.339,0.663,0.474,0.652,0.855,0.771,0.417,0.632,0.109,2,3,3,87,81,76,0.274,0.057,2.99,5.52,-0.3,0.29,,0.183,0.009,,0.082,0.13,0.136,0.05,,0.12,,,,94.1,,90.8,84.4,,92.4,83.8,79,84.8,,85.7,,,-3.3,,1.1,-6.1,,-7.5,2.9,3,2.4,,-7.8,,,10.3,,5.7,3,,2.7,0.6,-6,-4.9,,4.6,,,1,,0.8,0.8,,3.1,-2.5,4,-0.1,,3.7,,,0.31,,0.39,7.68,,3.35,-1.69,2.56,-0.24,,2.67,,,0.304,0.635,0.474,0.635,0.832,0.771,0.514,18.4,1.1,0.2,-0.4,-0.2,24 - 36,0.216,0.459,0.327,0.214,0.184,0.434,0.383,3.4,0.362,0.12,,0.158,0.292,0.164,0.009,,,0.079,0.177,0.001,86.2,,81.2,94.6,91.9,84.8,,,92.7,83.7,95.9,-7.4,,4.3,-3.2,1.9,-5.7,,,-6.5,1.3,0,2.9,,-8.2,9.1,4.9,1.3,,,1.2,-1.3,0,3.7,,3.2,1.8,-1.1,0.8,,,2.4,0.1,0,2.67,,1.77,0.54,-0.56,7.68,,,2.63,0.03,-3.81,0.295,0.634,0.474,0.638,0.823,0.769,0.528,18.4,0,115,61,116,91,107,94,82,97,97,120,64,82,109,99,113,115,93,86,103,84,126,90.2,11.6,17,0.087,113.2,87,0.444,196,0.179,0.287,,3.36,58,55,57,58,48,62,57,53,56,49,52,49,43,49,43,59,65,55,56,54,53,,,,55,52,56,-0.47,116,106,105,99,119,118,104,106,105,85,92,93,107,88,96,106,106,110,99,111,106,,,,103,106,105,,,
9,2024,NYY,29,7,2,3.18,39,9,0,0,6,2,82,359,80,36,29,7,33,1,5,8,0,66,107,92,54,10,513,883,1396,41,9,2,1,7.24,3.62,2,8.78,0.77,0.249,1.37804878,0.294,0.758,3.990243902,1.16,0.213,0.423,0.364,0.109,0.076,0.084,0.5,6.3,44.6,0.5,33.9,6.8,0.8,$6.00 ,4.31,4.6,1.98,-6.52,8.5,7.05,0.71,1.27,1.06,1.5,1.69,30,0.27,1.28,0.513,94.5,0.229,85.3,0.168,89.1,0.017,83,0.073,87,,,,,0.003,,-7.4,2.2,2.6,0,-0.4,,,-1.04,0.7,1.1,-0.18,-0.39,,,0.305,0.727,0.471,0.647,0.89,0.795,0.393,0.621,0.097,5,14,5,91,99,115,0.184,0.092,4.42,4.5,-0.91,0.292,,0.173,0.013,,0.222,0.198,0.027,0.014,,0.062,,,,94.6,,89,82.9,,94.3,85.3,83.8,83.3,,87.9,,,0.4,,-0.2,-9.2,,-5.8,1.2,5.3,7.6,,-3.7,,,10,,4,3,,4.2,0.9,0.1,-6.7,,3.2,,,-4.3,,3,0.8,,-2.7,1.2,0.9,-0.2,,-1.1,,,-1.06,,1.25,4.44,,-0.88,0.44,2.43,-1.3,,-1.3,,,0.288,0.663,0.471,0.587,0.889,0.795,0.487,19.1,0.6,-0.4,0.3,-0.1,25 - 33,0.092,0.38,0.329,0.29,0.192,0.529,0.278,4.89,0.295,0.074,,0.019,0.287,0.141,,,,0.225,0.255,,87.3,,83.2,95,90.1,,,,94.6,85.8,,-4.6,,5.9,0.6,-0.1,,,,-5.7,1.9,,1.6,,-7.9,8.9,3.4,,,,2.8,-0.6,,-0.3,,0,-3.3,1.7,,,,-4,3.4,,-0.25,,-0.16,-0.83,0.87,,,,-1.26,0.95,,0.285,0.665,0.471,0.591,0.883,0.793,0.489,19.1,0.6,84,106,77,114,74,110,112,107,101,80,102,107,100,97,70,95,94,116,108,102,92,88.3,13.2,15,0.059,112.3,90,0.353,255,0.162,0.259,,4.25,43,48,43,40,58,37,52,57,48,51,52,49,48,52,48,53,60,47,46,53,44,48,39,54,49,53,46,0.13,86,92,86,105,79,86,106,99,99,94,99,97,127,95,104,128,99,108,116,97,99,61,95,93,108,97,99,,,
8,2024,MIN,29,3,4,3.54,27,7,0,0,1,0,61,251,52,26,24,10,18,1,4,2,1,61,67,71,30,7,356,664,1020,21,6,0,0,9,2.66,3.39,7.67,1.48,0.227,1.147540984,0.266,0.8,4.313114754,0.94,0.179,0.399,0.423,0.099,0.141,0.09,0,0,32.4,2.2,26.5,2.2,0.4,$3.20 ,4.22,3.96,0.61,-3.16,3.77,6.37,0.63,0.8,0.78,0.8,0.77,20,0.72,0.04,0.391,94.8,0.266,84.9,0.103,90.9,0.057,81.9,0.125,87,0.058,88.2,,,0.006,,6.1,1.8,-0.9,-0.7,-5.5,1.1,,1.54,0.68,-0.89,-1.19,-4.3,1.87,,0.337,0.668,0.479,0.628,0.866,0.771,0.429,0.673,0.11,3,5,0,100,111,97,0.243,0.072,3.53,3.1,-0.87,0.364,,0.074,0.058,,0.058,0.265,0.057,,,0.125,,,,94.6,,90.3,88.2,,94.2,84.8,81.9,,,87,,,-5.1,,0.4,-9,,-3.3,2,2.8,,,-9.7,,,8.9,,4.2,-0.4,,5.2,1.8,-4.4,,,3.7,,,4.6,,1,1.2,,-0.3,1.9,-0.7,,,-5.4,,,1.24,,1.27,1.96,,-0.56,0.71,-1.19,,,-4.29,,,0.286,0.661,0.479,0.553,0.859,0.771,0.516,18.8,0.7,0.2,0,0.3,26 - 36,0.171,0.435,0.31,0.256,0.185,0.482,0.333,3.94,0.355,0.176,,0.05,0.332,0.084,0.007,,,0.062,0.29,,87.5,,81.9,94.9,91.1,86.9,,,94.1,85.2,,-8.7,,3.6,-4.8,0.6,-7.2,,,-2.8,3.1,,0.8,,-6.6,7.8,3.9,-3.1,,,3.8,0.1,,-4.5,,-0.6,7.8,-1.2,0.2,,,-1.4,1.7,,-2.49,,-1.11,2.32,-1.4,2.28,,,-2.18,0.56,,0.282,0.664,0.48,0.529,0.863,0.769,0.52,18.8,0.2,104,78,112,100,143,100,93,97,105,106,79,90,94,112,129,109,89,102,104,93,110,87.8,15.4,17,0.101,112.9,61,0.363,168,0.171,0.28,,3.46,56,57,55,49,55,50,54,50,55,59,61,58,54,56,52,,,,46,57,48,53,57,54,55,55,55,-0.4,96,104,108,115,106,110,93,101,96,94,107,107,121,102,110,,,,89,93,92,108,93,86,102,101,102,,,
23,2024,MIL,29,5,2,3.71,32,7,0,0,4,2,63,263,52,27,26,7,22,1,4,2,0,58,71,70,36,10,363,638,1001,29,3,2,1,8.29,3.14,2.64,7.43,1,0.219,1.174603175,0.262,0.748,3.941269841,1.01,0.203,0.401,0.395,0.143,0.1,0.042,0.5,6.2,32.5,-0.5,28.4,5.7,0.7,$5.30 ,4.17,4.2,0.91,-4.55,5.45,4.95,0.52,1.21,1.08,1.35,1.48,25,0.88,-0.13,0.533,94.1,0.262,84.4,0.067,88.2,0.065,80.3,0.073,85.6,,,,,0.002,,5.6,3.2,0.9,-3.3,-1.4,,,1.06,1.23,1.29,-5.03,-1.97,,,0.307,0.644,0.462,0.645,0.865,0.786,0.46,0.582,0.099,6,12,4,80,97,101,0.221,0.084,3.9,4.14,-0.33,0.285,,0.067,,,0.248,0.247,0.073,0.007,,0.073,,,,93.7,,88.2,,,94.5,84.7,79.5,86.7,,85.6,,,-0.9,,0.4,,,-8.2,2,-1.2,0.3,,1,,,9.1,,4.6,,,4.4,0.8,-3.9,-3.8,,5,,,2.4,,0.9,,,3.4,2.4,-2.6,0.2,,-1.4,,,0.85,,1.33,,,1.36,0.98,-3.51,2.93,,-1.97,,,0.271,0.639,0.462,0.6,0.855,0.784,0.52,18.4,1.4,0.6,0.1,0.7,24 - 33,0.137,0.441,0.358,0.201,0.196,0.531,0.274,4.35,0.331,0.073,,0.085,0.294,0.068,,,,0.239,0.241,,86.1,,80.9,94.1,88.5,,,,94.9,85.1,,1.6,,-0.3,-0.4,1.3,,,,-7.3,3.3,,3.3,,-5.4,7.8,3.3,,,,3,-0.8,,-1.4,,-2,2,0.8,,,,3.9,2.1,,-1.97,,-2.36,0.67,1.21,,,,1.62,0.88,,0.275,0.628,0.462,0.62,0.847,0.784,0.53,18.4,-0.7,94,85,95,85,95,88,85,86,111,98,89,98,93,110,88,107,103,85,114,100,92,88.3,14,14,0.078,113.8,71,0.397,179,0.173,0.272,,3.95,38,44,44,53,53,55,57,55,55,52,54,52,47,55,47,47,64,60,49,50,54,,,,51,53,52,-0.07,85,95,88,100,107,103,101,107,109,98,101,98,115,103,108,185,113,112,65,91,94,,,,100,102,102,,,
15,2024,ARI,29,4,5,3.73,41,9,0,0,0,2,82,340,75,40,34,7,23,0,4,4,1,72,114,79,47,12,441,876,1317,59,4,0,0,7.9,2.52,3.13,8.23,0.77,0.24,1.195121951,0.291,0.673,3.441463415,1.44,0.196,0.475,0.329,0.152,0.089,0.035,0,6.3,45.6,3.8,32.9,10.2,1.1,$8.60 ,3.65,3.82,-0.85,-6.17,5.32,5.09,0.51,0.9,0.81,0.82,0.82,32,0.23,-1.18,0.49,92.8,0.236,84.2,0.064,89.8,0.074,79.9,0.125,85.6,0.011,84.9,,,0.001,,0.2,-0.2,3.7,-2.1,2.6,0.9,,0.03,-0.08,4.37,-2.21,1.61,6.3,,0.36,0.705,0.505,0.626,0.856,0.761,0.42,0.662,0.121,5,4,8,81,90,93,0.212,0.068,3.7,6.48,0.19,0.324,,0.063,0.011,,0.166,0.226,0.062,0.023,,0.126,,,,93.2,,89.8,85,,91.9,84.5,79.3,79.9,,85.5,,,-3.3,,0.2,-5.9,,-3.5,2.7,-1.9,2.3,,-2.4,,,9.5,,5.7,5.5,,3.6,1.8,-4.6,-6.1,,1.8,,,1.7,,3.6,1,,-1.6,0.7,-4.7,1.6,,4.2,,,0.41,,4.32,6.49,,-0.71,0.22,-5.85,5.49,,2.51,,,0.34,0.667,0.506,0.577,0.852,0.761,0.508,19.2,1.2,0.3,-0.2,0.2,25 - 35,0.144,0.392,0.338,0.271,0.142,0.546,0.313,4.27,0.3,0.125,,0.078,0.316,0.063,0.011,,,0.173,0.234,,85.9,,80.4,93.5,90.2,85.3,,,92.5,84.7,,-2.2,,0.4,-2.7,0.7,-6.2,,,-3.3,3.1,,0.3,,-7.1,8.3,4.3,3.7,,,2.5,0.3,,4.1,,-2.5,1.4,3.7,1.1,,,-1.2,-0.2,,2.49,,-2.4,0.34,4.48,7.63,,,-0.52,-0.05,,0.332,0.674,0.506,0.577,0.849,0.761,0.508,19.2,0.3,89,69,114,95,73,96,87,95,100,94,72,94,110,91,78,95,97,114,83,103,105,89.6,10.8,21,0.087,114.4,97,0.403,241,0.158,0.279,,3.95,53,47,55,56,46,59,51,47,53,50,44,51,52,50,52,53,46,43,46,47,44,48,39,53,51,46,54,-0.07,80,109,103,95,115,109,86,107,100,88,102,91,108,105,110,93,103,119,98,99,94,84,113,110,92,106,102,,,
27,2024,PIT,28,7,2,3.77,42,9,0,0,5,3,86,355,71,39,36,9,27,2,3,3,0,80,110,92,41,14,423,854,1277,56,6,1,0,8.37,2.83,2.96,7.43,0.94,0.218,1.139534884,0.263,0.701,3.646511628,1.2,0.169,0.453,0.379,0.152,0.098,0.055,0,5.8,48.2,7.1,35.7,12.9,1.3,$10.70 ,3.56,3.93,1.66,-6.37,8.03,10.66,1.04,1.15,1.05,1.44,1.6,33,1.09,0.35,0.465,93.7,0.199,85.6,0.173,88,0.069,78.5,0.075,84.1,0.019,89.5,,,0.008,,7.2,5.6,0.2,1.5,-3.8,-1.1,,1.22,2.21,0.1,1.67,-3.96,-4.68,,0.368,0.727,0.524,0.628,0.836,0.753,0.434,0.625,0.129,7,12,5,80,92,96,0.225,0.076,3.73,5.86,0.02,0.297,,0.148,0.017,,0.168,0.222,0.071,,,0.077,,,,94.2,,88.3,89.4,,92.8,85.6,78.5,,,84.2,,,-1.5,,1.2,0.5,,-0.5,1.9,1.3,,,5.5,,,9.9,,5.3,5.8,,4.5,1.8,-4.8,,,4,,,7.6,,0.3,-1,,1.9,6.3,0.6,,,-3.5,,,2.02,,0.14,-4.59,,0.91,2.22,0.67,,,-3.57,,,0.323,0.713,0.525,0.556,0.832,0.75,0.518,18.2,1.9,0.8,-0.2,0.5,22 - 36,0.149,0.43,0.336,0.234,0.189,0.459,0.353,4.2,0.327,0.082,,0.069,0.275,0.145,0.011,,,0.191,0.227,,84.5,,78.8,94.9,88.5,91.8,,,92.8,85.9,,5.7,,1.7,-1.9,1.3,-2.5,,,0.5,2.1,,2.7,,-6.7,8.9,3.9,2.2,,,3.4,0.2,,-4.8,,0.7,8.6,0.6,0,,,2.1,5.6,,-4.6,,0.82,2.45,0.35,0,,,0.85,1.94,,0.313,0.714,0.525,0.55,0.827,0.749,0.527,18.2,-0.1,95,77,96,85,89,88,83,86,103,100,81,81,105,105,87,104,96,98,110,87,118,88.8,14,21,0.086,112.9,100,0.408,245,0.143,0.273,,3.93,44,44,47,46,40,49,53,52,51,48,49,48,53,51,55,,,,53,45,52,56,48,55,51,48,52,-0.08,91,101,98,90,97,101,100,98,100,90,104,96,116,102,109,,,,84,106,100,96,116,98,98,102,101,,,
16,2024,ATL,32,5,2,3.98,31,7,0,0,1,1,61,258,53,28,27,6,25,1,3,0,1,60,76,62,30,6,342,649,991,51,2,2,1,8.85,3.69,2.4,7.82,0.89,0.23,1.278688525,0.287,0.73,3.78852459,1.23,0.179,0.452,0.369,0.097,0.097,0.026,0.5,3.2,30.3,2.1,29.3,5.4,0.6,$4.70 ,3.88,4.08,0.02,-4.16,4.18,5.12,0.51,0.95,0.84,0.89,0.9,24,1.14,-1.12,0.453,94.2,0.191,83.6,0.117,89.4,0.172,80.3,0.068,86.1,,,,,0.004,,2.5,2.1,-0.4,-0.9,1.7,,,0.56,1.1,-0.32,-0.53,2.59,,,0.326,0.69,0.489,0.584,0.847,0.751,0.449,0.62,0.122,1,5,2,85,96,99,0.233,0.097,3.87,7.52,0.09,0.42,,0.07,,,0.069,0.206,0.149,,,0.087,,,,94.4,,88.3,,,92.9,82.9,80.4,,,85.6,,,-1.2,,-0.9,,,1.8,-2.3,3.4,,,-1.6,,,8.9,,6,,,2.3,0.4,-4.2,,,3.2,,,1,,2.3,,,-1.4,3.5,-0.4,,,1.5,,,0.24,,3.27,,,-2.1,1.73,-0.29,,,1.75,,,0.287,0.66,0.489,0.554,0.823,0.751,0.543,19.1,1.2,0.3,0.3,0.6,25 - 40,0.136,0.4,0.359,0.241,0.194,0.553,0.253,4.37,0.353,0.085,,0.153,0.391,0.083,,,,0.079,0.21,,86.2,,80.9,95.1,89.8,,,,93.4,83.6,,-0.9,,4.4,-0.8,0,,,,2.4,-1.3,,1.7,,-5.9,7.9,4.4,,,,1.3,-0.9,,1.6,,0,1.5,1.2,,,,-0.7,2.8,,1.93,,0,0.4,1.51,,,,-0.95,1.33,,0.285,0.656,0.489,0.551,0.821,0.751,0.551,19.1,-0.2,100,100,90,90,84,93,93,94,107,103,103,86,104,103,86,97,103,102,113,104,85,87.5,12.6,10,0.059,114.4,57,0.335,170,0.166,0.288,,3.82,53,49,55,51,53,50,53,53,53,52,49,52,52,48,53,,,,52,48,50,,,,52,50,54,-0.15,100,93,97,110,95,97,94,107,105,101,106,98,106,105,103,,,,102,105,107,,,,103,103,102,,,
4,2024,CHW,30,1,7,4.04,37,8,0,0,1,1,69,302,69,37,31,10,30,0,1,2,0,62,95,79,35,9,442,725,1167,13,4,0,0,8.09,3.91,2.07,9,1.3,0.255,1.434782609,0.296,0.733,4.534782609,1.2,0.167,0.455,0.378,0.114,0.127,0.042,0,5.8,43.4,-1.8,23.5,4,0.5,$4.00 ,4.41,4.41,0.55,-5.31,5.86,0.41,0.05,1.07,1.07,1.31,1.42,29,0.29,0.22,0.473,94.3,0.268,83.6,0.112,91.1,0.04,75,0.076,83.2,0.031,88.2,,,0.001,,-1.2,-5.4,1.4,0.8,-1.2,0.5,,-0.21,-1.73,1.09,1.72,-1.39,1.28,,0.295,0.675,0.455,0.638,0.861,0.778,0.422,0.619,0.101,3,7,7,112,111,109,0.205,0.099,4.27,1.7,-0.59,0.347,,0.11,0.031,,0.124,0.266,0.041,,,0.081,,,,94.9,,91.1,88.2,,92.6,83.5,75.1,,,83.5,,,-1.9,,0.9,-7.7,,-6.4,1.5,2.4,,,-7,,,10,,5,1.8,,5.1,1.1,-7.3,,,5,,,3.2,,1.3,0.5,,-4.1,-3.4,0.9,,,-1.1,,,0.79,,1.01,1.28,,-2.84,-1.09,1.81,,,-1.18,,,0.265,0.644,0.455,0.539,0.873,0.776,0.502,18,0.3,-0.3,0.1,-0.2,25 - 36,0.106,0.455,0.311,0.234,0.187,0.488,0.325,4.72,0.338,0.111,,0.035,0.351,0.11,,,,0.121,0.273,,84.8,,74.4,94.9,91.2,,,,92.6,83.4,,-7,,3.9,-1.8,1.3,,,,-6.2,1.7,,2.4,,-10.1,8.8,3.7,,,,3.7,-0.6,,-0.7,,0.1,2.9,1.2,,,,-3.7,-2.6,,-0.51,,0.36,0.71,0.93,,,,-2.62,-0.82,,0.269,0.639,0.455,0.545,0.872,0.776,0.503,18,-0.2,93,114,82,117,126,112,116,108,98,90,110,84,107,100,116,114,89,94,105,94,107,89.7,11.8,18,0.086,113.3,88,0.421,209,0.165,0.266,,4.35,38,53,35,46,44,46,56,55,53,42,43,47,48,52,47,,,,46,47,52,51,45,55,48,51,49,0.2,117,84,89,80,86,91,88,101,102,83,100,91,115,95,97,,,,73,104,96,113,124,123,97,98,98,,,
11,2024,SEA,28,4,5,4.09,39,9,0,0,3,0,81.1,341,73,40,37,11,24,2,3,5,0,78,88,93,52,18,424,826,1250,27,7,3,2,8.63,2.66,3.25,8.08,1.22,0.232,1.196054254,0.276,0.709,3.938471023,0.95,0.223,0.378,0.399,0.194,0.118,0.08,0.667,6.7,49.6,0.8,28,7.5,0.8,$6.60 ,4.1,3.93,-0.18,-5.9,5.73,-1.46,-0.15,0.95,0.94,1.2,1.3,30,-0.03,-0.15,0.489,94.6,0.251,85.4,0.076,90.3,0.041,80.1,0.067,88.1,0.076,84.4,,,0.008,,-0.2,0.5,6.4,0.3,-3.2,-0.1,,-0.03,0.15,6.76,0.62,-3.83,-0.13,,0.324,0.696,0.491,0.641,0.823,0.757,0.449,0.669,0.119,7,8,7,119,101,96,0.229,0.07,3.7,2.99,0.06,0.322,,0.072,0.081,,0.162,0.252,0.03,0.013,,0.069,,,,94.8,,90.2,84.4,,94.6,85.4,78.6,80.6,,87.9,,,-5.2,,1.4,-4.3,,-6.1,2.7,6.3,5.2,,-7.9,,,9.1,,4.2,0.6,,4.3,0.6,-4.6,-8.2,,0.8,,,-0.5,,6.1,1.1,,0.6,0.8,-0.7,0.9,,-3.2,,,-0.13,,6.82,1.11,,0.29,0.26,-1.76,5.34,,-3.72,,,0.276,0.689,0.49,0.566,0.827,0.757,0.518,18.3,-0.1,0,-0.9,-0.9,25 - 32,0.158,0.449,0.292,0.259,0.199,0.564,0.237,4.1,0.331,0.066,,0.039,0.32,0.094,0.084,,,0.167,0.231,,88.2,,80.2,95.1,90,84.9,,,94.7,85.3,,-7.5,,6.8,-4.6,2.1,-3.9,,,-5.9,3.5,,-0.7,,-7.8,8,2.7,-1,,,3,-1.1,,-2.6,,0.2,-1,7.3,0.9,,,1,-0.6,,-3.12,,0.32,-0.25,6.26,0.86,,,0.49,-0.22,,0.273,0.688,0.49,0.562,0.827,0.757,0.524,18.3,0.3,100,78,123,105,118,103,97,100,95,100,78,112,89,106,108,112,84,103,112,109,78,89.4,15.6,18,0.076,112.4,84,0.356,236,0.167,0.286,,3.67,48,54,49,43,49,44,52,48,55,51,55,49,55,49,58,59,48,64,54,50,50,53,62,48,53,51,55,-0.26,104,110,103,98,94,97,93,102,97,92,107,103,112,103,110,93,120,113,122,106,111,110,94,105,102,103,103,,,
18,2024,CIN,30,5,3,4.12,37,8,0,0,1,2,72,310,63,36,33,10,28,0,6,2,0,73,71,88,42,15,448,789,1237,45,9,2,0,9.12,3.5,2.61,7.87,1.25,0.228,1.263888889,0.275,0.735,4.294444444,0.81,0.209,0.353,0.438,0.17,0.114,0.127,0,9,42.5,-0.5,26.7,8.5,1,$7.70 ,4.68,4.36,0.14,-5.75,5.89,5.14,0.49,1.15,1.02,1.31,1.43,29,0.47,-0.34,0.453,93.8,0.258,86.4,0.078,90,0.049,80.4,0.076,81.1,0.086,84.1,,,0.002,,-3.1,-1,-0.6,-0.8,1.2,2.8,,-0.55,-0.32,-0.58,-1.39,1.29,2.6,,0.345,0.691,0.482,0.64,0.852,0.76,0.395,0.629,0.116,4,10,9,85,100,105,0.236,0.09,3.89,5.62,-0.27,0.336,,0.13,0.087,,0.115,0.227,0.029,,,0.076,,,,94.4,,89.4,84.2,,91.9,85.3,80.3,,,81.1,,,-3.4,,0.9,-5.3,,-5.7,3.4,-0.4,,,-4.2,,,9.8,,5.5,2,,6.1,1.7,-4.5,,,4.4,,,-0.8,,-1.2,3.1,,-1.1,1.2,-1.1,,,1.3,,,-0.18,,-0.74,2.84,,-0.77,0.41,-3.05,,,1.39,,,0.317,0.65,0.482,0.581,0.846,0.758,0.495,18.7,1.3,0.5,-0.1,0.3,24 - 36,0.145,0.35,0.394,0.256,0.222,0.512,0.266,4.25,0.358,0.079,,0.031,0.321,0.129,0.084,,,0.117,0.241,,81.6,,80.9,95.1,89.4,84.6,,,92.3,85.9,,-4.1,,0.6,-3.2,0.7,-5.4,,,-5.8,3.6,,2.6,,-6,8.5,4.4,0.1,,,4.6,0.5,,1.3,,-1.2,-2.1,-0.3,2.8,,,-0.6,1.5,,1.3,,-3.25,-0.52,-0.17,2.72,,,-0.39,0.5,,0.303,0.662,0.481,0.582,0.842,0.759,0.496,18.7,-0.1,103,95,100,90,119,92,92,90,106,104,96,101,82,122,101,84,113,108,129,97,89,88.6,18,13,0.064,114.2,79,0.389,203,0.154,0.269,,4.07,50,51,50,48,50,49,53,55,53,42,42,46,51,55,49,,,,52,51,50,49,48,45,50,52,50,0.01,103,110,115,103,98,102,103,102,102,75,93,81,123,93,109,,,,98,106,104,139,98,113,107,100,103,,,
28,2024,STL,30,5,4,4.15,39,9,0,0,4,2,78,327,77,36,36,15,26,1,1,1,0,75,95,81,44,11,437,822,1259,38,4,5,2,8.65,3,2.88,8.88,1.73,0.257,1.320512821,0.295,0.819,4.715384615,1.17,0.2,0.432,0.368,0.136,0.185,0.042,0.4,-2,45.5,1.3,29.7,-0.8,0,$0.20 ,4.83,3.82,-0.05,-5.97,5.91,2.9,0.32,1.04,0.86,1,1.04,30,-0.16,0.11,0.478,93.4,0.229,84.7,0.109,88.4,0.06,77.3,0.107,84.3,0.017,83.1,,,0.025,,-0.9,2.2,3.4,-6.5,-1.9,0.9,,-0.15,0.79,2.54,-8.81,-1.42,4.44,,0.334,0.712,0.495,0.627,0.869,0.775,0.426,0.664,0.112,10,4,5,92,117,93,0.229,0.08,3.74,4.38,-0.66,0.266,,0.07,,0.035,0.211,0.265,0.055,0.007,,0.091,,,,93.1,,88.9,,83.7,93.6,85,76.8,81.4,,84.3,,,-0.9,,-0.5,,5,0.1,0.7,-0.5,1.7,,1,,,8.8,,4.6,,2.9,6,1.1,-7.8,-7.3,,2.5,,,-0.2,,2.3,,1.2,-0.4,3.2,-5,-1.3,,-2.2,,,-0.06,,2.68,,2.84,-0.15,0.98,-7.33,-14.83,,-1.92,,,0.297,0.685,0.496,0.575,0.856,0.774,0.511,18.9,1.3,0.2,1.1,1.3,24 - 37,0.15,0.422,0.373,0.204,0.222,0.516,0.262,4.2,0.355,0.09,,0.062,0.266,0.102,0.035,,,0.206,0.24,,84.7,,77.3,93.7,88.7,84.2,,,94.1,85.6,,1.2,,-0.8,-0.6,0.1,4.9,,,0.5,1.6,,1,,-10.1,7.6,3.2,1.5,,,4.7,-0.4,,-2.2,,-6.1,-0.8,3.3,1.2,,,0,2.3,,-1.94,,-7.96,-0.26,2.61,2.84,,,-0.02,0.77,,0.286,0.686,0.495,0.574,0.85,0.773,0.521,18.9,-0.2,98,81,99,102,164,103,96,97,118,101,84,97,100,102,164,102,107,86,130,97,88,88.2,12.8,22,0.098,115.8,91,0.404,225,0.158,0.27,,3.87,51,47,52,56,52,56,48,45,51,52,50,53,51,47,53,20,63,20,57,53,55,,,,52,47,55,-0.12,89,100,94,87,109,107,64,104,95,85,102,96,108,105,108,138,132,75,93,110,104,,,,87,104,101,86,102,104
21,2024,HOU,29,2,7,4.22,39,9,1,1,0,4,79,349,78,40,37,8,41,0,3,4,0,73,100,79,52,10,540,832,1372,34,8,1,1,8.32,4.67,1.78,8.89,0.91,0.256,1.506329114,0.313,0.74,4.239240506,1.27,0.225,0.433,0.342,0.127,0.101,0.08,1,10.9,50.2,-7.4,26,3.5,0.5,$4.10 ,4.71,4.47,-0.79,-7.11,6.32,0.32,0.07,1.05,0.91,1.05,1.1,30,-0.66,-0.09,0.411,93.7,0.18,84.4,0.082,88.4,0.115,79.3,0.175,85.4,0.037,87.1,,,0.001,,-0.8,1.1,-3.6,-3.3,2.8,0.5,,-0.14,0.45,-3.2,-2.13,1.18,1,,0.279,0.677,0.434,0.637,0.859,0.771,0.389,0.599,0.099,2,3,10,119,109,111,0.209,0.118,4.46,3.87,-0.12,0.276,,0.078,0.019,,0.128,0.185,0.09,0.025,,0.201,,,,93.5,,88.7,88,,94,84.3,79.1,79.6,,85.7,,,-4.4,,1.6,-8.2,,2.9,3.4,1,2,,-5.8,,,10,,4.8,6,,5.7,1.5,-8.3,-9.1,,2.9,,,-2.7,,-2.5,-0.5,,1.5,1.4,-2.3,-1.1,,4.3,,,-0.71,,-2.3,-1.8,,0.83,0.54,-1.84,-3.21,,1.58,,,0.253,0.633,0.434,0.582,0.855,0.771,0.476,19.4,0.6,-0.4,0.5,0,25 - 35,0.092,0.392,0.349,0.259,0.181,0.543,0.276,4.9,0.35,0.212,,0.115,0.259,0.077,,,,0.153,0.184,,85.9,,79.5,93.8,89,,,,94.2,84.7,,-6.2,,1.5,-3.5,2.1,,,,1.7,3.9,,1.7,,-10.2,9.1,3.5,,,,4.3,0.2,,3.3,,-3.3,-2.8,-2,,,,2.1,1.4,,1.14,,-2.09,-0.8,-1.9,,,,0.99,0.56,,0.25,0.63,0.434,0.565,0.856,0.769,0.483,19.4,-0.1,96,137,70,116,88,113,122,114,98,91,130,113,102,91,93,98,100,103,102,105,91,87.6,12.7,8,0.035,114.6,75,0.323,232,0.173,0.272,,4.4,52,50,52,53,59,49,48,51,48,52,59,49,47,51,48,33,46,37,50,55,48,41,53,44,48,53,48,0.23,122,99,103,106,93,100,99,99,94,102,100,98,109,100,104,115,102,121,95,104,105,90,75,97,107,99,101,,,
22,2024,LAD,30,8,3,4.27,50,11,0,0,6,1,99,422,84,52,47,8,38,2,5,8,1,103,109,101,62,9,589,1059,1648,68,15,2,1,9.36,3.45,2.71,7.64,0.73,0.222,1.232323232,0.284,0.648,3.372727273,1.08,0.228,0.401,0.371,0.089,0.079,0.138,0.5,11.2,46.2,3.9,50,15.1,1.6,$13.00 ,3.8,3.9,0.38,-6.41,6.79,-1.79,-0.17,0.96,0.88,0.97,0.99,39,0.94,-0.54,0.487,94.7,0.225,85.1,0.069,89.3,0.107,81.4,0.087,85.7,0.026,90.2,,,0.006,,3.7,5.2,-2.2,-1.2,2.6,-2.2,,0.47,1.41,-1.94,-0.71,1.79,-5.02,,0.306,0.676,0.469,0.603,0.847,0.758,0.44,0.581,0.114,9,10,7,95,85,95,0.244,0.09,3.68,6.18,0.8,0.381,,0.071,0.027,,0.103,0.19,0.111,0.03,,0.087,,,,95.4,,89.4,90.1,,92.3,87.4,78.1,82.8,,85.6,,,-2,,1,-5.9,,-1.5,2,0.5,2.6,,-6.7,,,9.7,,6.2,1.8,,5.8,1.6,-4.3,-4.8,,3.1,,,7.8,,-3.2,-2.2,,-2.1,5.2,1.9,-1.7,,2.5,,,1.24,,-2.69,-4.9,,-1.21,1.65,1.05,-3.38,,1.73,,,0.284,0.647,0.471,0.533,0.85,0.757,0.514,18.8,1.2,0.5,-0.9,-0.4,25 - 37,0.154,0.398,0.365,0.237,0.161,0.599,0.241,4.15,0.353,0.087,0.01,0.096,0.387,0.062,0.027,,,0.099,0.232,,86.1,80.5,81.9,95.5,90.2,90.6,,,93.6,85.4,,-6.5,6.2,3.8,-1.3,1.4,-5.6,,,-2.6,0.8,,1.8,-8.9,-8.4,8.5,5.7,0.4,,,4.8,0.5,,2.2,-0.4,0.6,10.2,-3.4,-2.2,,,-3.5,5.9,,1.54,-2.16,0.36,1.6,-3.36,-4.9,,,-2.15,1.55,,0.285,0.643,0.471,0.538,0.847,0.757,0.52,18.8,-0.6,106,94,96,88,69,89,89,93,95,108,96,110,93,103,70,96,105,100,94,113,81,88,14,18,0.065,116.8,99,0.359,276,0.171,0.285,,3.09,53,44,40,59,52,44,57,48,44,53,42,39,56,45,40,52,46,50,54,35,35,52,37,36,57,44,42,-0.64,98,96,91,112,104,110,95,100,96,72,97,89,108,108,111,88,102,104,87,96,91,132,93,92,98,100,99,,,
26,2024,PHI,30,4,4,4.32,39,8,0,0,3,2,73,306,66,41,35,7,22,0,2,1,0,85,102,55,40,9,441,800,1241,34,8,0,0,10.48,2.71,3.86,8.14,0.86,0.234,1.205479452,0.311,0.611,3.004109589,1.85,0.203,0.518,0.279,0.164,0.127,0.078,0,11.5,43,3.7,27.2,15.2,1.8,$14.60 ,3.29,2.95,0.42,-5.24,5.66,-1.55,-0.15,1.02,0.99,1.21,1.29,31,0.65,-0.24,0.571,93.6,0.156,86.1,0.038,87.1,0.087,78.3,0.108,84.4,0.04,84.4,,,0.001,,5.3,-0.7,-3.5,-4,0.7,0.6,,0.75,-0.36,-7.49,-3.73,0.51,1.21,,0.359,0.686,0.494,0.622,0.851,0.753,0.411,0.585,0.122,5,9,6,93,76,74,0.278,0.072,2.95,4.19,1.21,0.272,,0.064,0.052,,0.299,0.131,0.043,0.044,,0.095,,,,93.4,,90.1,85.7,,93.7,84.3,77.7,78.8,,83.6,,,-3.7,,0,-8.6,,1.2,3.2,0.5,7.9,,-1,,,8.7,,5.2,3.8,,5.4,1.2,-6,-5.5,,1.8,,,1.2,,-3.2,1.8,,4.1,-1.8,-3.2,-0.8,,0,,,0.36,,-4.05,2.7,,1.12,-1.1,-6.11,-1.41,,0.02,,,0.316,0.668,0.493,0.574,0.834,0.751,0.502,18.9,0.7,0,-1,-1.1,27 - 34,0.206,0.457,0.36,0.183,0.157,0.513,0.33,3.53,0.373,0.098,,0.094,0.239,0.086,0.05,,,0.307,0.127,,84.2,,79,94.2,90.8,86.1,,,94.3,85.2,,-0.8,,5.1,-3,0.5,-7.3,,,1.3,3.9,,0.1,,-7.2,7.8,3.6,2.1,,,3.9,-0.1,,0,,-4.6,0.4,-2.4,1.8,,,4.1,-1.2,,0.01,,-3.97,0.14,-2.24,2.84,,,1.09,-0.74,,0.326,0.66,0.493,0.562,0.843,0.75,0.498,18.9,-0.2,118,74,112,93,82,94,88,102,91,123,76,98,120,78,113,110,103,77,92,97,110,88.3,8.6,13,0.066,109.4,81,0.411,197,0.15,0.272,,3.64,52,55,51,50,47,51,50,51,48,56,51,56,57,53,56,64,59,58,34,61,40,50,47,53,53,51,54,-0.27,93,109,105,118,106,108,97,100,97,89,103,100,105,104,110,151,100,105,86,86,88,95,106,110,99,102,101,,,
17,2024,CHC,29,5,3,4.4,39,8,0,0,1,3,71.2,320,74,41,35,7,29,1,4,6,0,82,82,79,42,3,454,801,1255,50,12,2,1,10.3,3.64,2.83,9.29,0.88,0.258,1.446629213,0.338,0.679,3.465168539,1.04,0.207,0.404,0.389,0.038,0.089,0.146,0.5,7.6,32.6,0.7,35.1,8.3,1,$8.10 ,3.75,3.89,0.03,-6.15,6.18,-3.43,-0.33,1.12,0.91,1.07,1.12,31,-0.06,0.09,0.586,92.8,0.145,83.2,0.032,89.2,0.089,81.5,0.092,82,0.057,83.1,,,0.002,,1.1,-4.5,1.9,0.2,-3.5,0.2,,0.15,-2.47,4.73,0.16,-3.07,0.31,,0.327,0.696,0.48,0.604,0.851,0.753,0.415,0.616,0.119,2,9,5,96,89,95,0.256,0.091,3.55,6.28,0.83,0.38,,0.031,0.057,,0.207,0.148,0.018,0.068,,0.091,,,,93.3,,89,83.1,,91.5,83.1,76.4,82.9,,81.9,,,-0.9,,0.8,-0.6,,-5.3,0.7,0.9,1.5,,-4.2,,,8.9,,4.9,2.3,,5.7,0.5,-7.3,-1.5,,4.7,,,5.9,,1.6,0.2,,-3.1,-4.7,-0.7,1.1,,-3.4,,,1.25,,4.06,0.32,,-1.21,-2.53,-2.96,1.32,,-3.02,,,0.295,0.666,0.48,0.568,0.835,0.753,0.499,19,0.8,-0.4,0.2,-0.2,23 - 35,0.166,0.415,0.366,0.22,0.117,0.542,0.342,4.01,0.369,0.092,,0.084,0.338,0.069,0.057,,,0.211,0.15,,82.3,,82,94,90.7,83.6,,,92.1,83.5,,-3.6,,1.6,-0.7,0.3,-0.3,,,-4.9,1,,3.3,,-4.2,8.3,4.6,0.9,,,4.8,-0.8,,-3.6,,0.3,5.4,1.6,0.2,,,-2.7,-4.3,,-3.1,,0.26,1.28,1.9,0.32,,,-1.01,-2.31,,0.294,0.664,0.48,0.55,0.841,0.753,0.505,19,0,116,99,103,107,84,104,104,111,100,113,96,100,93,108,78,100,105,92,68,102,114,90.5,13.5,19,0.093,112.5,94,0.459,205,0.156,0.275,,4.18,47,42,48,42,42,43,54,53,53,50,50,49,47,54,46,60,47,63,53,49,52,44,44,38,49,49,49,0.08,116,96,97,90,89,87,93,103,98,91,96,89,115,96,104,128,113,117,89,92,94,80,91,105,100,98,98,,,
10,2024,OAK,30,2,7,4.61,38,9,0,0,0,2,82,365,86,49,42,4,33,4,9,5,1,71,93,95,59,7,492,880,1372,23,11,5,2,7.79,3.62,2.15,9.44,0.44,0.266,1.451219512,0.331,0.645,3.53902439,0.98,0.239,0.377,0.385,0.074,0.042,0.118,0.4,5.8,44.4,2.1,35.5,7.9,0.9,$7.10 ,4.06,4.68,-0.65,-6.64,5.99,-8.82,-0.98,0.92,0.82,1,1.04,29,-1.13,0.43,0.411,93.2,0.343,83.8,0.047,90,0.073,79.7,0.126,85.1,,,,,0.012,,-6.3,2,0.8,-1.5,-1.9,,,-1.11,0.43,1.19,-1.49,-1.1,,,0.312,0.677,0.468,0.619,0.879,0.78,0.429,0.595,0.103,4,5,5,135,90,117,0.195,0.09,4.32,2.52,0.97,0.262,,0.047,,,0.149,0.37,0.036,0.01,,0.126,,,,94.5,,89.9,,,90.7,83.6,79.7,74.7,,85.1,,,-1,,1.8,,,4,1,2.3,5.1,,-0.2,,,9.7,,3.9,,,4.8,0.3,-6.7,-7.9,,3.5,,,-6.2,,1,,,0.1,1.5,1.2,-1.4,,-1.9,,,-1.72,,1.61,,,0.05,0.3,2.49,-11.07,,-1.13,,,0.276,0.646,0.468,0.539,0.876,0.78,0.519,18.2,-0.6,-1,-0.5,-1.5,24 - 35,0.104,0.329,0.389,0.282,0.159,0.579,0.262,4.75,0.296,0.125,,0.05,0.262,0.071,,,,0.149,0.343,,85.7,,80,95.1,89.7,,,,91.3,83.9,,0.1,,3,-0.7,2.8,,,,3.8,1.3,,2,,-8,8.3,2.4,,,,3.5,-1.4,,-2,,0.1,-6.1,-1.7,,,,0.1,4,,-1.16,,0.09,-1.7,-1.78,,,,0.03,0.86,,0.268,0.649,0.468,0.566,0.863,0.782,0.525,18.2,0.2,90,106,85,123,43,118,118,121,86,85,100,120,89,102,39,82,111,113,89,112,86,87.6,15.1,9,0.036,111,79,0.314,252,0.171,0.273,,3.79,51,45,54,42,48,40,51,52,50,54,48,56,52,50,51,41,35,47,56,54,47,,,,52,51,52,-0.17,85,105,104,115,87,89,89,99,96,88,103,95,113,95,102,88,93,98,92,94,92,,,,99,99,100,,,
1,2024,LAA,30,5,3,4.76,33,8,0,0,5,0,70,298,57,41,37,10,28,0,6,4,0,64,87,76,36,6,439,744,1183,39,5,0,0,8.23,3.6,2.29,7.33,1.29,0.216,1.214285714,0.247,0.649,4.585714286,1.14,0.181,0.437,0.382,0.079,0.132,0.057,0,5.9,37.3,-3.7,31.3,2.2,0.4,$3.30 ,4.75,4.4,0.54,-4.06,4.6,-4.88,-0.55,0.82,0.81,0.94,0.95,25,-0.09,0.75,0.543,93.6,0.172,83.8,0.025,84.8,0.082,79.4,0.164,84.4,0.014,86.4,,,0.002,,-2.1,3.1,0.2,1.2,-0.8,-1.3,,-0.33,1.53,0.77,1.26,-0.39,-8.08,,0.344,0.693,0.479,0.657,0.83,0.754,0.389,0.564,0.118,6,6,2,130,114,109,0.215,0.094,4.07,5.01,0.07,0.407,,0.016,0.023,,0.129,0.183,0.073,0.004,,0.165,,,,93.4,,84.8,89.7,,94,83.5,79.3,83,,84.4,,,-0.9,,-0.1,-5,,-3.5,0.4,0.7,-3.4,,2,,,9.4,,7.7,0.8,,5.1,1,-6.2,-6.2,,4.7,,,1.9,,0.1,-0.6,,-1.7,3.6,0.7,-0.1,,-2,,,0.39,,0.57,-2.32,,-1.14,1.65,0.83,-1.55,,-1.03,,,0.316,0.66,0.48,0.621,0.825,0.755,0.478,18.7,0.1,0.4,-0.8,-0.3,24 - 37,0.121,0.397,0.407,0.196,0.126,0.563,0.312,4.55,0.342,0.158,,0.093,0.4,0.015,0.022,,,0.145,0.168,,84.8,,80.7,94,85,87.6,,,94.1,84.1,,2.6,,0.3,-0.7,-1.1,-4.7,,,-3.8,0.4,,2.9,,-7,8.1,6.1,-0.1,,,3.5,-0.5,,-1.5,,0.8,0.9,0.1,-1.1,,,-0.3,3.3,,-0.82,,0.77,0.18,0.82,-4.06,,,-0.17,1.67,,0.315,0.659,0.48,0.622,0.824,0.755,0.481,18.7,-0.1,95,105,83,95,125,95,98,90,87,94,104,91,103,101,120,99,116,78,71,108,103,89.7,13.2,21,0.105,111.8,78,0.39,200,0.148,0.265,,4.88,50,54,49,52,47,52,45,52,45,47,55,45,47,48,48,20,45,20,39,38,53,63,43,66,45,50,45,0.55,107,99,99,96,98,98,88,95,90,86,98,91,114,97,101,137,44,53,97,111,102,124,119,120,96,97,95,,,
29,2024,SDP,29,5,6,4.76,53,11,0,0,3,2,98.1,437,94,57,52,10,45,0,11,8,0,96,111,105,63,11,630,1056,1686,58,8,6,3,8.79,4.12,2.13,8.6,0.92,0.247,1.416921509,0.305,0.684,4.180530071,1.06,0.226,0.398,0.376,0.105,0.095,0.072,0.5,9.9,54.5,-4,41.5,5.9,0.7,$5.40 ,4.42,4.5,-0.96,-7.55,6.59,-10.54,-1.11,0.93,0.84,1.02,1.07,42,-0.95,-0.08,0.459,94,0.215,82.8,0.07,88.5,0.087,78.6,0.11,87,0.035,86.4,0.024,77.6,0.004,,-2.2,-0.1,1,-1.8,-0.9,0.2,-1.6,-0.28,-0.02,0.86,-1.26,-0.51,0.29,-3.86,0.274,0.669,0.446,0.635,0.832,0.763,0.434,0.648,0.105,6,7,10,109,105,108,0.22,0.103,4.16,5.31,0.48,0.288,,0.035,0.036,,0.177,0.253,0.06,0.014,,0.112,,0.024,,94.1,,89.5,86.4,,93.6,83,77.3,81.1,,86.9,,77.6,-2.7,,0.5,-0.9,,-4.7,2.8,5.4,2.5,,-5.4,,-2.7,9.2,,6.2,2.5,,4.4,0.7,-8.5,-8.6,,3.7,,-1.2,1.9,,-0.7,-0.4,,-1.2,2,-2.6,-0.9,,0.5,,-1.6,0.39,,-1.15,-0.63,,-0.41,0.46,-2.59,-3.83,,0.25,,-3.86,0.247,0.63,0.445,0.58,0.832,0.764,0.518,19.6,0.4,0.1,-0.4,-0.3,25 - 37,0.117,0.411,0.383,0.207,0.161,0.502,0.337,4.6,0.346,0.095,,0.071,0.278,0.047,0.05,0.024,,0.178,0.257,,88.3,,78.3,94.8,90.4,85.3,78.1,,93.9,83.5,,-5.8,,5.6,-2.5,1,-0.4,-2.2,,-3.9,3.4,,2.1,,-10.4,8.3,4.3,1.4,-2.5,,3,-0.8,,0.2,,-2.6,3.1,0.2,-0.2,-1.6,,-3.2,1.4,,0.09,,-2.17,0.67,0.21,-0.24,-3.86,,-1.08,0.33,,0.24,0.632,0.445,0.578,0.829,0.764,0.523,19.6,-0.3,99,112,86,99,87,99,103,100,101,97,109,109,92,105,84,99,110,87,94,95,113,90.5,14.3,23,0.081,113.5,125,0.439,285,0.181,0.286,,3.3,54,38,36,48,44,31,55,44,41,52,42,40,57,46,42,65,49,64,57,42,42,46,35,41,56,41,40,-0.5,113,92,94,116,90,98,97,98,96,81,100,92,116,88,99,96,93,94,81,108,103,119,90,102,102,97,98,,,
14,2024,TOR,31,4,5,5.09,37,9,0,0,1,0,76,333,83,45,43,18,32,0,2,3,1,65,100,84,47,7,483,839,1322,33,8,1,1,7.7,3.79,2.03,9.83,2.13,0.278,1.513157895,0.301,0.784,5.810526316,1.19,0.203,0.433,0.364,0.083,0.214,0.08,1,-2.9,40.6,-3.8,31.9,-6.7,-0.6,($4.60),6.08,4.43,0.07,-3.95,4.01,-8.18,-0.84,0.65,0.63,0.57,0.47,28,-1.69,1.8,0.496,93.7,0.158,85.3,0.048,88.1,0.174,80.7,0.073,82.3,0.051,84.5,,,0.001,,-11.3,-3.3,-2.7,1.8,1.4,-1.8,,-1.73,-1.59,-4.17,0.8,1.46,-2.67,,0.283,0.66,0.444,0.738,0.871,0.823,0.427,0.655,0.079,2,3,1,144,148,110,0.195,0.096,4.32,3.91,-0.82,0.32,,0.039,0.048,,0.177,0.165,0.176,,,0.074,,,,94.1,,88.5,84.1,,92.8,85.4,80.7,,,82.4,,,-2.8,,0.3,-9.9,,-6.5,2,4.1,,,-5.7,,,10.5,,5.1,2.8,,6.4,1.4,-3.7,,,1.2,,,-7.3,,-0.9,-1.8,,-2.5,-5.1,2,,,1.6,,,-1.72,,-1.78,-2.83,,-1.06,-2.33,0.87,,,1.6,,,0.258,0.614,0.445,0.689,0.864,0.816,0.527,19.1,-0.4,-0.4,0.6,0.2,27 - 35,0.099,0.431,0.345,0.224,0.16,0.491,0.349,4.81,0.345,0.075,,0.113,0.321,0.05,0.047,,,0.176,0.218,,82.7,,79.1,94.6,88.6,84.8,,,93.2,85.5,,-5.3,,3.3,-2.4,1.1,-9,,,-6.2,3.7,,-0.5,,-7.2,8.9,2.6,1.1,,,4.9,-0.9,,2.2,,3,-7.2,-2.5,-1.8,,,-2.2,-4.5,,2.25,,2,-1.7,-3.75,-2.88,,,-0.93,-1.56,,0.261,0.607,0.445,0.708,0.857,0.816,0.532,19.1,-0.2,89,111,78,128,206,123,123,110,104,85,106,102,102,97,196,108,99,90,90,95,115,89.1,13,25,0.107,116.7,103,0.44,234,0.187,0.266,,3.88,56,61,55,46,55,46,53,56,52,50,48,49,55,51,55,,,,44,46,44,58,62,57,52,53,52,-0.12,72,100,100,108,94,101,107,107,105,95,105,99,120,102,110,,,,87,102,92,101,103,119,103,102,103,,,
30,2024,SFG,27,3,6,5.57,36,9,0,0,0,1,76,325,79,52,47,12,26,1,3,1,0,66,100,81,49,10,481,825,1306,39,5,0,0,7.82,3.08,2.54,9.36,1.42,0.267,1.381578947,0.307,0.614,4.560526316,1.23,0.213,0.435,0.352,0.123,0.148,0.05,0,2.6,45.2,-3.2,28.7,-0.6,0.1,$0.60 ,4.74,4.15,-0.99,-5.2,4.22,-15.22,-1.61,0.81,0.71,0.75,0.71,27,-0.37,-0.86,0.504,93.1,0.23,83.3,0.025,88.4,0.066,78.4,0.101,86.9,0.074,88.3,,,0.003,,7.8,-3.8,-4.4,-2.1,-5.2,1.9,,1.18,-1.27,-13.89,-2.45,-3.96,1.96,,0.305,0.669,0.458,0.674,0.872,0.796,0.421,0.594,0.093,2,3,4,124,116,100,0.203,0.08,4.03,4.62,0.9,0.198,,0.029,0.072,,0.301,0.235,0.064,,,0.101,,,,93.2,,91.2,88,,92.9,83.3,78.2,,,86.8,,,1.9,,-1.3,-7.5,,-8.1,2.4,6.1,,,-0.5,,,8.2,,4.9,0.3,,2.2,1,-4.9,,,0.2,,,-1.4,,-3.4,1.2,,11,-4.5,-2.1,,,-5.2,,,-0.53,,-9.05,1.27,,2.8,-1.46,-2.46,,,-3.94,,,0.273,0.638,0.458,0.636,0.862,0.796,0.506,17.7,0.2,0.2,0,0.1,22 - 33,0.123,0.426,0.335,0.239,0.161,0.552,0.287,4.52,0.32,0.1,,0.061,0.206,0.019,0.071,,,0.303,0.24,,87.2,,78.6,93.8,89.3,88.6,,,93.4,83.7,,-0.1,,7,1.8,-0.3,-7,,,-7.5,3.1,,-1.1,,-6.9,7.1,3.2,-1.2,,,1.1,-0.2,,-5.1,,-0.9,-1,-4.2,1.2,,,11,-5.2,,-3.93,,-1.1,-0.38,-16.77,1.24,,,2.78,-1.66,,0.274,0.631,0.458,0.638,0.861,0.796,0.514,17.7,0.2,88,80,95,105,135,107,97,101,90,90,85,103,100,98,131,103,96,101,94,104,96,89.8,11.9,20,0.087,114.9,96,0.417,230,0.175,0.268,,3.73,54,51,55,57,58,54,48,47,49,52,51,52,51,56,49,,,,47,52,54,57,57,56,53,52,53,-0.22,109,103,105,114,100,106,89,104,97,100,99,95,111,97,105,,,,64,96,87,130,108,118,103,101,102,,,
12,2024,TBR,30,4,5,5.6,36,9,0,0,1,2,80.1,350,77,51,50,15,37,1,3,2,0,72,84,101,53,19,494,856,1350,41,2,0,0,8.07,4.15,1.95,8.63,1.68,0.248,1.423220974,0.278,0.688,5.234831461,0.83,0.223,0.353,0.424,0.188,0.149,0.024,0,2.8,45.3,-6.9,32.7,-4.1,-0.3,($2.20),5.3,4.72,-0.75,-5.45,4.7,-9.56,-0.92,0.78,0.79,0.96,0.99,27,-0.39,-0.57,0.45,92.4,0.18,82.4,0.199,86.8,0.058,77.3,0.09,84.3,0.023,83.3,,,0.004,,-3.6,-3.1,8.8,-1.9,-2.6,-0.7,,-0.59,-1.26,3.27,-2.47,-2.18,-2.33,,0.298,0.684,0.465,0.61,0.867,0.774,0.432,0.626,0.105,5,4,7,164,140,118,0.206,0.106,4.43,4.59,0.27,0.308,,0.162,0.023,,0.137,0.204,0.056,,,0.11,,,,92.6,,86.8,83.2,,92,83.1,77.1,,,83.9,,,-1.8,,1.2,-5.2,,-6.8,1.4,7.9,,,-5,,,9.7,,4.1,1.5,,6.3,0.9,-7.4,,,3.6,,,-3.7,,2.6,-0.7,,1.6,1.8,-0.5,,,-3.9,,,-0.89,,1.17,-2.33,,0.89,0.65,-0.61,,,-2.64,,,0.253,0.657,0.465,0.519,0.865,0.775,0.525,18.6,-1.1,-0.1,-0.7,-0.8,26 - 33,0.1,0.374,0.37,0.256,0.193,0.433,0.374,4.8,0.354,0.108,,0.053,0.294,0.168,0.019,,,0.14,0.218,,84.4,,77.4,93.4,87.5,83.4,,,92.3,83.7,,-5.4,,8.5,-1.9,1.3,-3.9,,,-6,1.9,,2.4,,-9.3,8.9,3.6,0,,,4.8,-0.3,,-3.1,,-0.6,-2.7,3.7,-0.9,,,0.3,0.6,,-2.14,,-0.83,-0.69,1.63,-3.65,,,0.14,0.21,,0.248,0.651,0.465,0.516,0.86,0.775,0.537,18.6,0.3,93,121,71,112,163,110,115,101,91,90,117,112,83,113,136,93,106,102,109,83,123,87.5,18.4,19,0.08,111.8,78,0.328,238,0.167,0.272,,4.06,55,54,53,55,57,55,45,47,45,53,46,57,53,45,54,,,,51,51,49,50,49,48,50,47,52,0.01,129,105,121,119,112,114,93,94,92,85,106,101,117,98,106,,,,84,100,98,93,99,101,99,101,102,,,
20,2024,MIA,27,0,9,5.64,39,9,0,0,0,4,83,388,90,62,52,10,50,2,4,4,1,80,111,89,51,6,613,975,1588,30,13,3,2,8.67,5.42,1.6,9.76,1.08,0.269,1.686746988,0.328,0.631,4.690361446,1.25,0.203,0.442,0.355,0.067,0.112,0.117,0.667,2.7,40.1,-4.1,40.8,-1.4,-0.1,($0.80),4.97,4.77,-2.01,-8.47,6.46,-15.87,-1.57,1.03,0.92,1.12,1.19,30,-1.2,-0.75,0.505,94.3,0.313,83.8,0.022,87.7,0.015,79.4,0.142,86.3,0.004,88.5,,,0.021,,-7.6,-8.5,-1.4,-0.5,-3.7,0,,-0.96,-1.74,-4.19,-2.05,-1.68,0.36,,0.293,0.663,0.448,0.634,0.837,0.76,0.42,0.608,0.107,5,5,12,122,116,114,0.206,0.129,4.61,3.25,0.85,0.321,,0.022,0.019,,0.185,0.312,0.015,,,0.127,,,,94.7,,87.7,86.1,,93.4,83.7,79.3,,,86.3,,,3.4,,1.8,0.9,,-0.7,-1.3,7.6,,,1.6,,,9,,2.3,2.4,,3.7,0.8,-4.2,,,3,,,-4.1,,-1.4,-0.5,,-0.2,-7.2,-0.5,,,-3.1,,,-0.82,,-4.15,-1.79,,-0.08,-1.49,-2.05,,,-1.58,,,0.256,0.648,0.448,0.588,0.831,0.76,0.49,17.9,-1.1,-0.4,-0.6,-1,24 - 34,0.077,0.398,0.295,0.307,0.161,0.512,0.327,5.07,0.361,0.127,,0.008,0.316,0.024,0.019,,,0.188,0.318,,86.6,,78.1,95,88.3,86.5,,,93.8,84,,1.7,,8.3,2.9,2.7,1.1,,,0.2,-1,,1.3,,-6.1,7.7,1.2,0.7,,,2.2,-1,,-3,,0.5,-2.8,-1.9,-0.5,,,-1.2,-8.3,,-1.52,,4.19,-0.56,-5.05,-1.79,,,-0.41,-1.66,,0.257,0.63,0.448,0.561,0.831,0.756,0.512,17.9,-0.2,98,147,67,112,103,108,122,108,93,91,137,98,102,99,99,96,85,129,94,97,109,87.4,10.3,25,0.098,114.9,90,0.354,254,0.166,0.273,,4.28,48,53,49,48,49,51,51,54,51,48,48,51,49,54,48,,,,53,60,53,40,45,41,49,53,50,0.15,99,102,103,113,97,96,97,94,92,89,100,94,99,96,102,,,,103,97,87,102,108,126,97,97,97,,,
24,2024,WSN,30,2,6,5.99,38,8,0,0,2,1,70.2,323,82,47,47,9,37,2,3,3,2,70,94,63,53,9,486,777,1263,29,7,3,2,8.92,4.71,1.89,10.44,1.15,0.29,1.695156695,0.358,0.686,4.481766382,1.49,0.252,0.448,0.3,0.143,0.143,0.074,0.667,4.7,39.4,-1.9,28,2.8,0.3,$2.70 ,5.29,4.21,-1.79,-6.92,5.13,-8.12,-0.77,0.92,0.85,0.93,0.95,30,-0.83,-1.12,0.465,93.3,0.193,84,0.109,88.5,0.118,80.9,0.067,84.5,0.048,87.7,,,0.009,,-1.2,-5,-0.4,-2.4,-1.3,-3.9,,-0.2,-2.04,-0.33,-1.62,-1.52,-6.36,,0.311,0.681,0.459,0.568,0.863,0.742,0.398,0.564,0.118,5,6,4,129,108,102,0.217,0.115,4.25,3.69,1.41,0.321,,0.105,0.037,,0.141,0.194,0.092,0.026,,0.085,,,,94.1,,88.4,88.3,,91.4,83.9,80.9,80.7,,85.1,,,-3.1,,-0.3,-6.6,,-5.3,0.6,4.1,0.8,,-2.2,,,9.6,,4.2,2.9,,5.3,1.7,-3.5,-4.4,,2.8,,,-2.4,,-0.5,-3,,1.2,-4.8,-2.7,0.3,,-2.5,,,-0.59,,-0.38,-6.48,,0.7,-1.95,-2.34,0.98,,-2.35,,,0.26,0.654,0.459,0.482,0.844,0.742,0.505,18.8,-0.1,-0.7,0.3,-0.4,25 - 34,0.102,0.465,0.291,0.244,0.164,0.535,0.301,4.77,0.359,0.078,,0.121,0.316,0.05,0.037,,,0.152,0.247,,84.9,,81.3,94.5,90.8,88.4,,,91.7,84.7,,-1.7,,3.6,-3,0.8,-6.2,,,-4.9,0.3,,1,,-5.3,8.3,3.4,1.2,,,3.9,0.6,,-2.5,,-2,-2.2,0.4,-3,,,0.9,-5.7,,-2.52,,-1.32,-0.56,0.57,-6.48,,,0.46,-1.82,,0.267,0.639,0.458,0.476,0.85,0.744,0.513,18.8,-0.5,101,128,79,120,109,116,122,117,101,96,122,122,103,83,126,112,84,103,96,101,101,88.7,9.3,19,0.089,113.3,92,0.432,213,0.155,0.273,,4.7,52,49,53,54,47,57,48,50,48,50,48,49,42,38,46,42,32,48,45,45,47,48,47,48,46,44,49,0.43,82,93,89,98,104,104,96,97,92,87,98,96,93,98,97,131,100,103,84,96,91,108,99,105,94,97,95,,,
19,2024,COL,28,2,7,8.04,39,9,0,0,0,1,75,363,100,73,67,13,45,0,2,5,0,64,118,78,55,9,541,895,1436,40,11,1,0,7.68,5.4,1.42,12,1.56,0.316,1.933333333,0.364,0.575,5.526666667,1.51,0.219,0.47,0.311,0.115,0.167,0.093,0,-0.9,38.5,-2.1,33,-3,-0.2,($1.50),6.78,4.88,-2.53,-6.73,4.2,-30.75,-3.01,0.79,0.69,0.93,0.95,30,-2.04,-1.17,0.478,94.1,0.289,86.4,0.005,90.7,0.056,80.3,0.141,85.6,0.031,85.7,,,0.001,,-11.6,-7.8,0.2,-3.3,-1.9,1.1,,-1.69,-1.88,3.46,-4.08,-0.95,2.44,,0.258,0.727,0.455,0.65,0.863,0.793,0.421,0.584,0.094,5,4,9,151,125,116,0.176,0.124,4.83,4.8,2.41,0.328,,0.029,0.031,,0.155,0.263,0.03,0.025,,0.138,,,,94.3,,87.5,85.6,,93.3,86.2,80.6,79.7,,85.5,,,-1.3,,0.9,-6.9,,-5.9,1.3,3.2,-2.5,,0,,,9.1,,4.4,3.1,,4.6,2.1,-4.5,-4.4,,4.5,,,-7.8,,-1.6,1.2,,-3.1,-4.8,-1.6,-1.2,,-2.1,,,-1.65,,-3.8,2.57,,-1.39,-1.27,-3.66,-3.3,,-1.06,,,0.21,0.676,0.454,0.559,0.859,0.793,0.525,19.1,-0.9,-0.8,0,-0.8,22 - 33,0.052,0.421,0.341,0.238,0.127,0.532,0.341,5.37,0.336,0.148,,0.052,0.341,0.046,0.022,,,0.144,0.245,0.002,85.9,,80.7,94.9,87.2,86.7,,,94,86.8,91,-0.3,,0.2,-1.2,0.9,-6.1,,,-5.4,2,0,3.4,,-6.1,8.3,2.3,0.5,,,3.2,1.3,0,-2.1,,-1,-9.5,-1.5,1.4,,,-1.4,-6.7,-0.1,-1.01,,-1.32,-1.95,-2.29,4.53,,,-0.66,-1.9,-4.11,0.208,0.679,0.455,0.553,0.859,0.793,0.526,19.1,0.5,87,147,59,138,148,127,140,119,85,78,132,106,109,86,147,102,98,100,74,100,114,90.8,10.4,20,0.079,115,108,0.429,252,0.168,0.262,,4.94,49,47,49,49,46,49,43,47,45,43,41,46,50,46,54,36,54,36,48,54,51,56,50,57,44,46,48,0.59,91,104,104,115,110,117,88,94,88,77,91,83,102,97,99,101,97,84,97,99,102,119,99,92,93,97,94,,,
