teamIDfg,Season,Team,Age,G,AB,PA,H,1B,2B,3B,HR,R_bat,RBI,BB,IBB,SO,HBP,SF,SH,GDP,SB,CS,AVG,GB,FB,LD,IFFB,Pitches,Balls,Strikes,IFH,BU,BUH,BB%,K%,BB/K,OBP,SLG,OPS,ISO,BABIP,GB/FB,LD%,GB%,FB%,IFFB%,HR/FB,IFH%,BUH%,wOBA,wRAA,wRC,Bat,Fld,Rep,Pos,RAR,WAR,Dol,Spd,wRC+,WPA,#NAME?,#NAME?,RE24,REW,pLI,phLI,PH,WPA/LI,Clutch,FB% (Pitch),FBv,SL%,SLv,CT%,CTv,CB%,CBv,CH%,CHv,SF%,SFv,KN%,KNv,XX%,PO%,wFB,wSL,wCT,wCB,wCH,wSF,wKN,wFB/C,wSL/C,wCT/C,wCB/C,wCH/C,wSF/C,wKN/C,O-Swing%,Z-Swing%,Swing%,O-Contact%,Z-Contact%,Contact%,Zone%,F-Strike%,SwStr%,BsR,FA% (sc),FT% (sc),FC% (sc),FS% (sc),FO% (sc),SI% (sc),SL% (sc),CU% (sc),KC% (sc),EP% (sc),CH% (sc),SC% (sc),KN% (sc),UN% (sc),vFA (sc),vFT (sc),vFC (sc),vFS (sc),vFO (sc),vSI (sc),vSL (sc),vCU (sc),vKC (sc),vEP (sc),vCH (sc),vSC (sc),vKN (sc),FA-X (sc),FT-X (sc),FC-X (sc),FS-X (sc),FO-X (sc),SI-X (sc),SL-X (sc),CU-X (sc),KC-X (sc),EP-X (sc),CH-X (sc),SC-X (sc),KN-X (sc),FA-Z (sc),FT-Z (sc),FC-Z (sc),FS-Z (sc),FO-Z (sc),SI-Z (sc),SL-Z (sc),CU-Z (sc),KC-Z (sc),EP-Z (sc),CH-Z (sc),SC-Z (sc),KN-Z (sc),wFA (sc),wFT (sc),wFC (sc),wFS (sc),wFO (sc),wSI (sc),wSL (sc),wCU (sc),wKC (sc),wEP (sc),wCH (sc),wSC (sc),wKN (sc),wFA/C (sc),wFT/C (sc),wFC/C (sc),wFS/C (sc),wFO/C (sc),wSI/C (sc),wSL/C (sc),wCU/C (sc),wKC/C (sc),wEP/C (sc),wCH/C (sc),wSC/C (sc),wKN/C (sc),O-Swing% (sc),Z-Swing% (sc),Swing% (sc),O-Contact% (sc),Z-Contact% (sc),Contact% (sc),Zone% (sc),Pace,Def,wSB,UBR,Age Rng,Off,Lg,wGDP,Pull%,Cent%,Oppo%,Soft%,Med%,Hard%,TTO%,CH% (pi),CS% (pi),CU% (pi),FA% (pi),FC% (pi),FS% (pi),KN% (pi),SB% (pi),SI% (pi),SL% (pi),XX% (pi),vCH (pi),vCS (pi),vCU (pi),vFA (pi),vFC (pi),vFS (pi),vKN (pi),vSB (pi),vSI (pi),vSL (pi),vXX (pi),CH-X (pi),CS-X (pi),CU-X (pi),FA-X (pi),FC-X (pi),FS-X (pi),KN-X (pi),SB-X (pi),SI-X (pi),SL-X (pi),XX-X (pi),CH-Z (pi),CS-Z (pi),CU-Z (pi),FA-Z (pi),FC-Z (pi),FS-Z (pi),KN-Z (pi),SB-Z (pi),SI-Z (pi),SL-Z (pi),XX-Z (pi),wCH (pi),wCS (pi),wCU (pi),wFA (pi),wFC (pi),wFS (pi),wKN (pi),wSB (pi),wSI (pi),wSL (pi),wXX (pi),wCH/C (pi),wCS/C (pi),wCU/C (pi),wFA/C (pi),wFC/C (pi),wFS/C (pi),wKN/C (pi),wSB/C (pi),wSI/C (pi),wSL/C (pi),wXX/C (pi),O-Swing% (pi),Z-Swing% (pi),Swing% (pi),O-Contact% (pi),Z-Contact% (pi),Contact% (pi),Zone% (pi),Pace (pi),FRM,AVG+,BB%+,K%+,OBP+,SLG+,ISO+,BABIP+,LD+%,GB%+,FB%+,HR/FB%+,Pull%+,Cent%+,Oppo%+,Soft%+,Med%+,Hard%+,EV,LA,Barrels,Barrel%,maxEV,HardHit,HardHit%,Events,CStr%,CSW%,xBA,xSLG,xwOBA,L-WAR,BA
16,2024,ATL,31,102,262,287,81,44,26,1,10,51,49,24,0,60,1,0,0,4,2,1,0.309,99,64,39,9,1101,387,714,7,0,0,0.084,0.209,0.4,0.369,0.531,0.9,0.221,0.37,1.55,0.193,0.49,0.317,0.141,0.156,0.071,0,0.390522648,17.7,52,14.9,3.4,8.7,-0.8,27.2,2.8,$22.00 ,4.3,141,1.48,-5.18,6.66,18.31,1.79,1.13,2.68,5,1.21,0.09,0.549,94,0.184,84.9,0.076,89.6,0.073,78.3,0.108,83.6,0.011,86.4,,,,,1.6,5.4,3.8,5.2,4.3,-0.5,,0.27,2.66,4.55,6.51,3.62,-3.87,,0.36,0.742,0.521,0.651,0.815,0.749,0.422,0.638,0.131,-0.4,0.355,,0.089,0.017,,0.194,0.162,0.052,0.028,,0.104,,,,94.3,,90.5,87.8,,93.2,84.3,77.6,79.5,,83.2,,,-2.6,,0.1,-10.7,,-0.2,1.4,-0.8,9.5,,-2.7,,,9.5,,5.6,3.4,,4.9,1.9,-5.9,-5.6,,3.3,,,0.5,,4,-1.2,,1.2,4.9,4,1.6,,3.5,,,0.12,,4.09,-6.3,,0.58,2.75,7,5.3,,3.03,,,0.309,0.716,0.52,0.598,0.809,0.749,0.519,19.1,2.6,-0.3,,23 - 40,14.5,1.4,,0.485,0.307,0.208,0.139,0.574,0.287,0.328,0.104,,0.078,0.354,0.087,0.015,,,0.197,0.164,,83.7,,79.1,94.8,90.7,88.4,,,93.9,84.7,,-2.1,,4.1,-1.8,0.8,-8.1,,,0.5,2.2,,1.6,,-7.8,8.3,3.9,1.6,,,3.5,0.3,,3.7,,5.6,-0.8,4,-1.3,,,2.3,5,,3.28,,6.47,-0.2,4.13,-7.9,,,1.07,2.77,,0.327,0.707,0.52,0.582,0.823,0.749,0.509,19.1,-0.2,123,87,93,112,132,146,122,0.94,112,89,133,116,89,87,80,108,98,89.6,11.2,17,0.084,114.4,90,0.446,202,0.127,0.258,,,,2.6,0.309160305
13,2024,TEX,29,118,292,332,88,57,18,3,10,52,50,35,2,63,2,2,1,2,5,0,0.301,87,86,58,7,1218,454,764,8,1,0,0.105,0.19,0.56,0.378,0.486,0.864,0.185,0.353,1.01,0.251,0.377,0.372,0.081,0.116,0.092,0,0.38006079,16.6,56,18.6,3.4,10.1,-0.9,32.1,3.2,$26.00 ,6,151,0.72,-5.02,5.74,16.53,1.64,0.93,1.28,4,1.09,-0.33,0.465,93.1,0.14,84.4,0.088,88.5,0.122,79,0.142,84,0.044,85.3,,,0.004,,7.6,4.1,-0.4,1.6,5.8,-1.4,,1.34,2.38,-0.41,1.1,3.38,-2.51,,0.311,0.717,0.482,0.626,0.861,0.773,0.421,0.615,0.109,0.7,0.325,,0.089,0.04,,0.14,0.141,0.085,0.035,,0.145,,,,93.7,,88.5,85.3,,91.6,84.1,77.2,83.4,,84,,,-2.8,,1.7,-6,,-6.5,1.4,5.9,1.1,,-6.8,,,9.4,,4.9,3.2,,5.6,0.2,-8.6,-4.2,,4.1,,,3.6,,-0.5,-1.1,,2.6,4.6,0.3,0.8,,5.5,,,0.91,,-0.46,-2.21,,1.53,2.67,0.29,1.84,,3.09,,,0.273,0.687,0.482,0.564,0.856,0.773,0.504,18.7,2.5,0.6,,21 - 39,19.3,0.2,,0.427,0.345,0.228,0.164,0.496,0.341,0.325,0.162,,0.114,0.279,0.144,0.024,,,0.142,0.135,,84.6,,79.1,94.4,89.6,83.8,,,91.9,83.9,,-6.5,,5,-2.8,1.8,-3.5,,,-6,1.7,,2.7,,-9.2,8.9,3.9,0.3,,,4.5,-1.4,,5.2,,1.2,4,-0.9,-0.8,,,2.1,5,,2.63,,0.89,1.18,-0.54,-2.7,,,1.19,3.04,,0.279,0.682,0.482,0.554,0.859,0.772,0.505,18.7,0.1,131,119,82,123,130,130,127,1.25,90,98,111,107,97,92,93,96,110,88.6,14.6,17,0.073,112.5,85,0.366,232,0.143,0.252,,,,3.3,0.301369863
22,2024,LAD,30,159,378,434,110,74,20,1,15,68,66,47,0,108,4,5,0,8,5,1,0.291,99,105,71,11,1775,672,1103,11,0,0,0.108,0.249,0.44,0.371,0.468,0.839,0.177,0.365,0.94,0.258,0.36,0.382,0.105,0.143,0.111,0,0.367949309,19.1,71,16.8,-1.5,13.2,-1.2,29.3,3,$23.70 ,4.5,130,2.12,-7.54,9.66,20.28,2.08,1.12,1.13,7,1.96,-0.07,0.484,93.3,0.205,83.9,0.067,88.1,0.098,78.6,0.116,84.8,0.03,88.5,,,0.003,,5,2.6,1.3,4.1,5.1,-0.9,,0.58,0.71,1.05,2.36,2.46,-1.74,,0.283,0.697,0.455,0.625,0.832,0.757,0.416,0.624,0.11,-0.1,0.271,,0.035,0.031,0.012,0.216,0.242,0.065,0.024,,0.103,,,,93.6,,89.2,88.4,84.3,92.8,84,77.4,80.4,,84.8,,,-0.1,,0.4,-6.6,3.9,-2.9,1.2,3.5,2.2,,-1.5,,,8.7,,4.3,1.3,2.4,4.1,0.9,-6.9,-2.6,,2.8,,,-0.7,,1.7,-0.4,-0.3,3.3,3.1,3.4,0.1,,5.2,,,-0.15,,2.72,-0.7,-1.31,0.86,0.72,2.97,0.25,,2.85,,,0.249,0.667,0.455,0.57,0.83,0.758,0.493,19.1,-2.7,0,,25 - 37,16.7,2.1,,0.447,0.342,0.211,0.175,0.498,0.327,0.392,0.103,,0.088,0.264,0.052,0.042,,,0.22,0.23,,85.2,,78.4,94,89.1,87.6,,,93.2,84.3,,-1.3,,2.9,0.2,0.6,-3.3,,,-2.7,1.8,,1.4,,-7.7,7.6,2.9,0.3,,,3.1,-0.5,,5.2,,3.2,-0.7,1,-1.2,,,4,3.5,,2.85,,2.08,-0.16,1.12,-1.61,,,1.04,0.87,,0.237,0.671,0.454,0.552,0.832,0.759,0.5,19.1,-0.7,116,113,111,113,116,117,121,1.26,82,107,122,107,99,88,101,93,112,89.6,14.5,24,0.087,115.8,121,0.44,275,0.167,0.278,,,,3.1,0.291005291
15,2024,ARI,29,135,319,364,91,62,16,1,12,59,56,37,2,61,4,3,1,8,6,4,0.285,119,95,46,10,1423,505,918,10,2,0,0.102,0.168,0.61,0.364,0.455,0.819,0.169,0.317,1.25,0.177,0.458,0.365,0.105,0.126,0.084,0,0.362132964,13.3,57,10.3,6.1,11,-0.9,27.5,2.8,$22.30 ,4.5,122,0.35,-5.77,6.12,14.54,1.43,0.9,1.67,7,0.92,-0.53,0.468,94.9,0.225,85.7,0.085,89.1,0.077,79.7,0.123,86.5,0.022,86.3,,,0.006,,12,1.1,1.6,3.1,-1.8,-1.3,,1.8,0.35,1.31,2.79,-1.05,-4.34,,0.277,0.722,0.471,0.682,0.874,0.81,0.435,0.602,0.089,-0.8,0.373,,0.068,0.022,,0.109,0.23,0.048,0.014,,0.136,,,,94.9,,88.6,86.2,,94.7,85,80,79.2,,86.2,,,-0.7,,-0.9,-6.6,,-3,0.3,1,-3.2,,-1,,,9.5,,5.3,2.1,,4.3,1.5,-4.6,-4.6,,4,,,8.5,,-0.3,-1.4,,6,-2.3,2.1,0.7,,-1.7,,,1.59,,-0.26,-4.52,,3.88,-0.7,3.07,3.41,,-0.87,,,0.267,0.653,0.469,0.646,0.873,0.811,0.524,19,5.3,-0.9,,23 - 35,9.4,1.7,,0.454,0.294,0.252,0.157,0.546,0.298,0.302,0.135,,0.061,0.377,0.067,0.022,,,0.105,0.233,,86.7,,80.1,95.3,88.9,86.8,,,95.1,85.5,,-0.8,,-0.2,-0.8,-0.7,-6.1,,,-2,0.9,,2.5,,-6.6,8.4,4.1,0.4,,,2.6,0.2,,-1.8,,0.5,11.1,-0.1,-1.4,,,3.4,-0.1,,-0.94,,0.63,2.07,-0.09,-4.52,,,2.26,-0.04,,0.263,0.656,0.469,0.635,0.876,0.811,0.525,19,0.3,114,106,75,110,113,112,105,0.86,105,102,108,109,85,106,90,102,101,88.7,12,20,0.076,114.4,98,0.374,262,0.174,0.264,,,,2.8,0.285266458
17,2024,CHC,29,127,267,316,72,49,11,3,9,50,44,42,3,58,3,4,0,8,2,1,0.27,99,79,35,9,1250,497,753,13,0,0,0.133,0.184,0.72,0.37,0.434,0.804,0.165,0.309,1.25,0.164,0.465,0.371,0.114,0.114,0.131,0,0.359361022,9.9,48,7.8,-4.1,9.6,-0.9,14.8,1.5,$12.00 ,4.9,119,0.97,-5.03,5.99,13.17,1.32,1.01,1.64,8,0.53,0.42,0.486,94.4,0.224,86.1,0.042,91.7,0.095,79.7,0.102,85.6,0.052,87.9,,,0.011,,3.1,1.9,2.8,-1,1.2,-0.4,,0.51,0.68,5.42,-0.88,0.97,-0.58,,0.243,0.718,0.445,0.669,0.84,0.786,0.424,0.557,0.095,1,0.369,,0.061,0.053,,0.116,0.206,0.073,0.021,,0.102,,,,94.8,,89.9,87.9,,92.9,86.1,78.7,82.8,,85.5,,,-4,,0.8,-8,,-7.1,1.2,3.8,2.5,,0.5,,,9.5,,5.7,1.7,,6.1,2.3,-6.9,-5.5,,5.4,,,4.8,,4.1,-0.4,,-2,0.7,-1.7,-0.8,,1.3,,,1.04,,5.39,-0.67,,-1.4,0.28,-1.87,-3.16,,0.98,,,0.213,0.659,0.445,0.594,0.843,0.786,0.519,18.9,-5,-0.4,,23 - 36,8.7,1.5,,0.385,0.343,0.272,0.183,0.455,0.362,0.345,0.111,0.006,0.088,0.377,0.082,0.043,,,0.108,0.184,0.002,85.9,80.5,80.1,95.2,89.1,89,,,93.5,86.6,90,0.1,6.2,3.7,-3.5,1.1,-7.5,,,-6.5,2.1,0,4.1,-9.1,-7.8,8.5,3.6,-0.5,,,4.6,1.1,0,1.5,0.1,-2.3,3.4,3.9,-0.7,,,-0.5,0.6,0,1.06,0.77,-2.09,0.72,3.82,-1.39,,,-0.4,0.26,-0.07,0.216,0.651,0.445,0.583,0.846,0.786,0.527,18.9,0,108,139,82,112,108,109,102,0.8,106,104,97,92,100,114,106,85,123,90,13.1,19,0.089,115,91,0.427,213,0.156,0.251,,,,1.4,0.269662921
27,2024,PIT,28,134,344,404,93,62,21,1,9,56,55,49,3,98,3,5,3,2,4,0,0.27,107,87,56,11,1646,638,1008,14,4,1,0.121,0.243,0.5,0.362,0.416,0.778,0.145,0.347,1.23,0.224,0.428,0.348,0.126,0.103,0.131,0.25,0.34758794,9.4,58,5.5,-6.4,12.2,-1,12.7,1.3,$10.30 ,4.5,111,0.84,-7.52,8.36,6.37,0.63,1.12,1.24,4,0.42,0.33,0.459,94,0.245,84.3,0.062,88.8,0.074,80.6,0.141,85.6,0.018,87,,,0.01,,0.8,6.5,1.5,1.9,1.3,0.7,,0.1,1.62,1.43,1.55,0.54,2.37,,0.285,0.665,0.443,0.588,0.83,0.739,0.415,0.569,0.115,0.4,0.337,,0.062,0.018,,0.118,0.245,0.051,0.023,,0.146,,,,94.4,,88.8,87.2,,92.7,84.2,79.3,83.6,,85.7,,,-0.5,,0.8,-4.8,,-4.8,0.1,3.9,2.8,,-2,,,9.5,,4,2.5,,3.7,1.2,-4.7,-4,,3.2,,,0.8,,1.4,-0.3,,-2.1,5.1,1,0.9,,2.6,,,0.14,,1.34,-1.11,,-1.11,1.26,1.18,2.35,,1.07,,,0.249,0.641,0.443,0.536,0.819,0.739,0.494,18.4,-7.4,0.3,,22 - 37,5.9,1.9,,0.429,0.272,0.299,0.169,0.551,0.28,0.386,0.141,,0.067,0.339,0.048,0.018,,,0.12,0.269,,85.8,,80.7,94.7,89.6,87.3,,,92.8,84.6,,-1.6,,3.3,-0.5,2.3,-4.3,,,-4.4,0.6,,1.5,,-6.3,8.2,2.8,0.6,,,2.3,-0.5,,2.5,,0.5,0.4,3.5,-0.3,,,-2.5,4.8,,1.07,,0.46,0.08,4.45,-1.11,,,-1.25,1.1,,0.252,0.623,0.442,0.52,0.819,0.736,0.512,18.4,-0.1,108,127,108,110,103,96,115,1.09,98,97,88,103,79,125,98,103,95,86.7,10.7,21,0.083,111.5,92,0.362,254,0.17,0.286,,,,1.3,0.270348837
21,2024,HOU,29,134,307,338,82,55,14,0,13,34,31,28,0,58,2,0,0,7,3,3,0.267,96,101,51,8,1228,443,785,5,1,1,0.083,0.172,0.48,0.332,0.44,0.772,0.173,0.292,0.95,0.206,0.387,0.407,0.079,0.129,0.052,1,0.340623145,7.4,48,10.6,0.9,10.2,-1.1,19,1.9,$15.40 ,2,129,-1.71,-6.86,5.14,-6.38,-0.63,1.08,1.6,6,0.15,-1.75,0.493,93.6,0.197,85.8,0.104,89.3,0.111,79.3,0.079,83.6,0.016,85.1,,,0.001,,6.7,2.6,-1.4,-0.9,-1.8,0.8,,1.11,1.06,-1.06,-0.64,-1.86,4.05,,0.327,0.676,0.464,0.672,0.852,0.775,0.392,0.639,0.104,-1.8,0.283,,0.11,0.024,,0.21,0.173,0.113,0.015,,0.072,,,,93.2,,89.1,84.5,,94,85.8,79.5,83.7,,83.7,,,-0.3,,-0.1,-8,,-7.3,1,4.8,6.4,,-2.8,,,10.3,,3.8,1.4,,5.2,1.8,-3.1,-6.5,,4.1,,,4.2,,-1.6,0.4,,2.2,2.5,-0.3,-1.1,,-0.8,,,1.22,,-1.19,1.48,,0.86,1.18,-0.18,-5.87,,-0.96,,,0.288,0.651,0.465,0.591,0.859,0.774,0.487,19,-0.2,-1,,25 - 37,8.8,0.2,,0.402,0.337,0.261,0.137,0.534,0.329,0.293,0.081,,0.079,0.284,0.084,0.016,,,0.209,0.248,,83.9,,77.5,93.5,90.1,85.3,,,94.4,86,,-3,,5.2,0,-0.3,-6.6,,,-7.2,2.4,,2.4,,-7.3,9.2,3.7,-1,,,3.8,-0.1,,-1.7,,-1.3,3.6,-1.8,0.8,,,2.9,2.8,,-1.72,,-1.38,1.02,-1.78,4.06,,,1.14,0.91,,0.294,0.638,0.465,0.593,0.858,0.774,0.496,19,-0.1,116,93,75,108,118,121,105,1.02,92,108,123,101,95,105,78,104,107,89.5,17.1,21,0.084,113.9,98,0.392,250,0.174,0.279,,,,2,0.267100977
18,2024,CIN,29,127,278,309,71,38,20,4,9,45,43,25,0,87,3,3,0,3,14,4,0.255,87,57,48,6,1207,444,763,9,2,2,0.081,0.282,0.29,0.32,0.453,0.773,0.198,0.335,1.53,0.25,0.453,0.297,0.105,0.158,0.103,1,0.336601942,5.7,43,1.3,0.2,9.4,-1.1,11.1,1.1,$9.00 ,7.7,103,0.86,-6.59,7.45,4.61,0.42,1.23,2.84,5,0.38,0.32,0.515,93.7,0.175,83.6,0.077,88.7,0.09,79.6,0.089,85.2,0.054,85.8,,,0.003,,5.1,0.4,1.4,0.2,-0.1,2.8,,0.83,0.18,1.53,0.19,-0.1,4.25,,0.328,0.664,0.463,0.574,0.853,0.734,0.4,0.608,0.123,-0.2,0.297,,0.08,0.056,,0.218,0.163,0.094,0.005,,0.088,,,,94.1,,89.1,86.2,,93.1,83.4,79.7,80.5,,84.8,,,-3.5,,-0.2,-7,,-2,2.5,3,1,,2.3,,,9,,4.4,3.7,,5.6,1,-4.9,-3.7,,2.1,,,5.2,,1.2,2.9,,-0.1,0.3,0.9,-0.7,,-0.2,,,1.44,,1.2,4.37,,-0.04,0.16,0.77,-11.66,,-0.21,,,0.269,0.652,0.464,0.447,0.847,0.733,0.508,18.5,-0.9,0.9,,22 - 36,1.1,1.5,,0.474,0.314,0.211,0.175,0.562,0.263,0.392,0.089,,0.107,0.269,0.071,0.055,,,0.219,0.189,,85.3,,80.2,94.8,91.7,86.5,,,93.5,84.4,,1.9,,3.1,-3.5,0.6,-6.5,,,-2.1,1.7,,0.4,,-6.3,8.2,3.9,2.1,,,4.1,0,,-0.3,,0.6,5.8,-0.6,3.1,,,0,0.9,,-0.33,,0.46,1.8,-0.75,4.65,,,0,0.38,,0.277,0.639,0.463,0.463,0.846,0.734,0.513,18.5,-0.1,102,85,125,97,113,131,111,1.22,104,83,135,114,91,89,101,105,90,88.6,10.6,15,0.077,113.3,85,0.438,194,0.167,0.29,,,,1.3,0.255395683
23,2024,MIL,28,104,233,267,59,41,9,0,9,29,28,28,1,63,2,3,0,5,13,2,0.253,74,66,32,6,1054,403,651,11,1,1,0.105,0.236,0.44,0.335,0.408,0.743,0.155,0.305,1.12,0.186,0.43,0.384,0.091,0.136,0.149,1,0.330490566,3.3,35,1.1,5.8,8.1,-1,17,1.7,$13.70 ,4.6,103,0.59,-4.06,4.65,-0.81,-0.07,0.89,2.27,8,-0.02,0.69,0.491,94.8,0.224,85.4,0.079,90.6,0.069,80.2,0.09,85.8,0.047,85.1,,,0.002,,1,2.6,-2.6,0.3,2.5,-1.2,,0.2,1.09,-3.08,0.38,2.6,-2.53,,0.25,0.656,0.428,0.588,0.861,0.772,0.439,0.626,0.098,1.7,0.339,,0.081,0.051,,0.149,0.213,0.074,0.002,,0.091,,,,95.1,,90.7,84.9,,93.7,85.5,80.2,81.8,,85.7,,,-4.9,,0.5,-3.6,,-5.9,1.5,0.5,4.1,,-5.1,,,9.4,,4.6,1.4,,5.2,1.3,-4.8,-7,,3,,,-0.9,,-1.8,-1.9,,1,3.8,-0.9,0.6,,2.5,,,-0.24,,-2.16,-3.43,,0.64,1.69,-1.13,29.03,,2.57,,,0.224,0.625,0.431,0.509,0.856,0.769,0.517,18.8,4.8,1.5,,20 - 33,2.8,1.3,,0.405,0.341,0.254,0.208,0.555,0.237,0.375,0.091,,0.076,0.337,0.053,0.056,,,0.15,0.235,0.002,86.1,,80.6,95.6,91.5,85.5,,,94.2,86.3,93.3,-3.9,,2,-3.8,1.8,-3,,,-5.1,2.7,0,1.3,,-6.7,8.1,4,-0.2,,,3.7,0,0,2.4,,-0.3,-2.1,-1.5,-2.1,,,1.5,3.8,0,2.57,,-0.37,-0.61,-2.66,-3.57,,,0.98,1.53,-1.7,0.214,0.62,0.431,0.481,0.856,0.77,0.535,18.8,-0.7,101,110,105,102,101,102,101,0.91,98,107,116,97,99,107,120,104,81,88.2,13.3,13,0.075,113,62,0.356,174,0.183,0.281,,,,1.8,0.253218884
29,2024,SDP,28,171,369,411,95,61,21,1,12,58,54,35,2,75,4,2,1,11,7,1,0.257,134,93,67,13,1542,560,982,8,3,1,0.085,0.182,0.47,0.327,0.417,0.744,0.16,0.292,1.44,0.228,0.456,0.316,0.14,0.129,0.06,0.333,0.330416667,4.5,53,3.8,-0.4,12.5,-1.2,17.4,1.8,$14.10 ,4.9,107,0.46,-5.6,6.07,12.28,1.27,0.82,0.55,11,-0.19,0.75,0.495,93.4,0.243,84.1,0.049,89,0.062,78.9,0.094,86.4,0.058,86.8,,,0.005,,-6.2,0.5,1.5,5.4,2.5,-1.1,,-0.81,0.13,1.95,5.58,1.74,-1.2,,0.327,0.665,0.469,0.671,0.902,0.809,0.42,0.603,0.09,0.9,0.237,,0.053,0.042,0.014,0.252,0.239,0.065,0.005,,0.094,,,,93.2,,90.4,87.6,83,93.2,84.6,77.9,80.3,,86.3,,,-0.2,,-0.4,-7.1,6.1,-7.6,2.1,2.2,5.6,,-4.7,,,9.4,,6.5,0.5,3.3,3.7,1.3,-5.2,-6.7,,1.1,,,2.5,,2,0.6,-0.9,-11.1,0.1,4.8,0.4,,2.5,,,0.69,,2.44,0.88,-4.44,-2.87,0.04,4.77,5.11,,1.72,,,0.291,0.637,0.469,0.636,0.883,0.809,0.515,18.5,-1.6,0.6,,21 - 37,4.6,2,,0.397,0.37,0.232,0.175,0.596,0.229,0.297,0.093,0.005,0.055,0.25,0.051,0.055,,,0.244,0.247,,86.7,80.7,79.2,93.9,89.3,87.1,,,93.8,84.7,,-4,6.1,4.4,0,-0.1,-3.4,,,-7.1,2.6,,-0.4,-8.7,-8.5,8,5.2,-0.5,,,2.2,-0.1,,2.4,0.4,3.8,1.7,1.9,-0.3,,,-10.7,1.6,,1.7,5.11,4.5,0.45,2.4,-0.38,,,-2.84,0.41,,0.287,0.634,0.469,0.638,0.877,0.808,0.525,18.5,-0.4,103,89,81,99,104,106,96,1.11,104,88,110,95,108,97,101,112,78,88.3,11.1,24,0.081,116.8,115,0.387,297,0.168,0.258,,,,1.9,0.257452575
7,2024,KCR,29,133,302,328,76,47,15,2,12,39,35,24,2,73,1,1,0,3,8,3,0.252,104,92,34,8,1261,444,817,7,0,0,0.073,0.223,0.33,0.308,0.434,0.742,0.182,0.294,1.13,0.148,0.452,0.4,0.087,0.13,0.067,0,0.326993865,2.5,42,3.7,3.7,9.9,-1,18.4,1.9,$14.90 ,5.2,110,-0.52,-5.58,5.06,-1.89,-0.2,0.92,0.99,4,0.04,-0.6,0.4,93.8,0.233,84,0.157,91.2,0.09,79.1,0.088,86.3,0.032,88.1,,,0.007,,1.4,1.2,0.4,-0.6,1.7,-0.1,,0.29,0.41,0.2,-0.5,1.55,-0.22,,0.351,0.649,0.472,0.649,0.877,0.777,0.407,0.634,0.106,1.7,0.3,,0.144,0.04,,0.114,0.232,0.082,0.009,,0.08,,,,93.9,,91,87.4,,93.1,83.9,78.5,84.5,,86.4,,,-3.3,,1.2,-7.2,,-6.2,3.9,1.7,3.8,,-6.9,,,9.3,,5.3,1.3,,4.3,1,-5.5,-5.3,,4.1,,,0.3,,-1.5,-0.9,,1.8,-0.1,-0.2,-0.4,,2.4,,,0.09,,-0.83,-1.72,,1.22,-0.03,-0.2,-3.52,,2.38,,,0.296,0.65,0.472,0.599,0.855,0.775,0.498,18.5,2.8,0.1,,24 - 34,5.5,0.2,,0.457,0.33,0.213,0.157,0.452,0.391,0.332,0.112,,0.066,0.286,0.155,0.009,,,0.115,0.258,,87,,79.3,94.1,91.5,85,,,93.3,83.4,,-6.7,,4.9,-3.2,1.4,-5.6,,,-5.5,3.5,,1.6,,-8.9,8.4,4.2,0.9,,,3,-0.8,,2.3,,0.2,0,-0.4,-0.7,,,1.4,-1.2,,1.64,,0.2,0,-0.23,-6.55,,,0.99,-0.37,,0.288,0.651,0.472,0.587,0.856,0.775,0.507,18.5,0.2,109,82,97,100,116,128,105,0.73,108,106,124,115,93,86,89,88,127,91.1,12.3,27,0.117,113.3,100,0.435,230,0.176,0.282,,,,1.7,0.251655629
5,2024,CLE,27,130,317,359,84,56,19,3,6,53,46,22,1,65,12,8,0,3,9,4,0.265,94,103,59,11,1314,443,871,10,4,3,0.061,0.181,0.34,0.329,0.401,0.73,0.136,0.307,0.91,0.23,0.367,0.402,0.107,0.058,0.106,0.75,0.321927374,2.1,45,6.1,1.1,10.9,-1.3,17.6,1.8,$14.20 ,6.4,115,1.42,-4.18,5.6,14.61,1.58,0.73,0.55,5,0.73,1.21,0.412,93.3,0.295,83.8,0.068,90.5,0.063,80.1,0.123,86.6,0.04,87.4,,,0.003,,2.7,2.3,-0.3,2,0.2,1.3,,0.5,0.6,-0.31,2.35,0.1,2.52,,0.327,0.72,0.503,0.65,0.863,0.787,0.449,0.644,0.107,0.6,0.288,,0.058,0.04,,0.132,0.309,0.04,0.01,,0.123,,,,93.9,,90.1,87.4,,92.2,83.6,79.3,77.5,,86.5,,,-3.8,,1.2,-8.6,,0.2,1.4,3.9,5.5,,-5.7,,,9.1,,3.6,-0.5,,4.3,0.8,-5.8,-8.4,,3.1,,,0,,-1.6,0.7,,3.6,2.2,-0.4,1,,0.1,,,0.01,,-2.04,1.32,,2.1,0.54,-0.67,7.68,,0.09,,,0.28,0.7,0.502,0.567,0.865,0.786,0.53,18.3,-0.2,-0.2,,23 - 37,6.7,0.2,,0.419,0.315,0.265,0.192,0.577,0.231,0.259,0.147,,0.045,0.276,0.106,0.015,,,0.134,0.277,,87.3,,79.9,94.3,89.7,85.4,,,92.8,83.5,,-5.8,,4.7,-3.3,2,-6.1,,,0.4,2.1,,0.7,,-8.5,7.9,2.3,-2.4,,,3,-1.2,,-1.4,,0.8,-1.6,1.7,2.2,,,3.8,0.3,,-0.73,,1.33,-0.44,1.23,11.14,,,2.16,0.08,,0.274,0.705,0.503,0.574,0.858,0.785,0.531,18.3,0.5,115,69,79,107,107,95,110,1.14,87,106,55,105,89,107,109,112,75,87.5,15.1,11,0.042,108.5,84,0.323,260,0.155,0.262,,,,1.4,0.264984227
9,2024,NYY,29,123,301,349,73,52,11,0,10,41,35,40,0,77,2,4,0,13,3,1,0.243,95,85,47,11,1448,566,882,5,1,1,0.115,0.221,0.52,0.331,0.379,0.71,0.136,0.289,1.12,0.207,0.419,0.374,0.129,0.118,0.053,1,0.317838617,1.4,43,5.2,1,10.6,-1,16.6,1.7,$13.40 ,2.9,114,0.52,-6.18,6.71,-2.09,-0.19,1,0.97,2,0.47,0.06,0.454,93.7,0.195,84.8,0.077,88.5,0.114,80.9,0.119,85.5,0.041,84.9,,,0.001,,-6.2,0.1,4.6,1.4,-3,1.5,,-0.94,0.02,4.07,0.85,-1.77,2.47,,0.257,0.645,0.415,0.688,0.876,0.807,0.406,0.579,0.08,0.6,0.335,,0.067,0.027,,0.122,0.201,0.095,0.023,,0.129,,,,93.7,,88.7,84,,93.3,84.9,81.2,79.2,,85.5,,,-3.5,,0.8,-9.2,,0.3,2.9,0.3,2.8,,-5.6,,,10.1,,5,4.6,,4.9,1.3,-5.2,-7.6,,2.2,,,-3.8,,1.7,1.7,,-2.5,1.2,1,0.8,,-3.4,,,-0.78,,1.72,4.37,,-1.42,0.4,0.7,2.51,,-1.84,,,0.241,0.593,0.416,0.648,0.873,0.807,0.496,19.4,0,-0.2,,23 - 34,5.8,0.2,,0.355,0.338,0.307,0.162,0.531,0.307,0.364,0.136,,0.111,0.321,0.076,0.021,,,0.136,0.2,,85.8,,81.1,94.2,88.9,83.6,,,93.7,85.1,,-5.4,,1,-2.9,1.1,-8.7,,,-0.8,3.1,,0.9,,-7.9,8.9,3.2,2.1,,,3.7,-0.3,,-2.9,,1.1,-3.4,3,1.2,,,-3.6,0.1,,-1.45,,0.71,-0.72,2.76,3.86,,,-1.81,0.02,,0.239,0.594,0.416,0.659,0.867,0.807,0.499,19.4,0.7,105,129,96,108,102,96,104,1.03,100,99,112,89,95,123,92,103,99,88.1,13.8,12,0.052,116.7,80,0.348,230,0.192,0.272,,,,1.6,0.242524917
12,2024,TBR,29,126,299,337,74,53,12,0,9,41,40,28,0,85,7,2,1,7,14,2,0.247,95,71,49,7,1366,473,893,8,2,1,0.083,0.252,0.33,0.324,0.378,0.702,0.13,0.314,1.34,0.228,0.442,0.33,0.099,0.127,0.084,0.5,0.314494048,0.4,41,5.1,1.9,10.2,-1,17.9,1.8,$14.50 ,5,114,0.25,-5.21,5.46,0.58,-0.01,0.9,1.26,3,-0.04,0.32,0.497,93.6,0.216,84.9,0.057,90.2,0.093,80.3,0.081,84.3,0.056,87.5,,,,,-1.1,4.1,0.1,0.7,3.4,-5.6,,-0.16,1.39,0.09,0.55,3.07,-7.4,,0.352,0.715,0.495,0.613,0.839,0.741,0.393,0.662,0.128,1.4,0.34,,0.056,0.056,0.001,0.161,0.214,0.078,0.016,,0.078,,,,93.9,,90.4,87.4,81.2,92.7,84.8,79.9,82.2,,84,,,-0.3,,0,-9.8,-2.9,-7.4,1.4,4.3,1.8,,-1.9,,,9.2,,6.9,1.3,5.4,4.6,1.2,-4.9,-6.5,,3.2,,,-1.6,,0.2,-5.6,1.4,-1.5,4.2,0.8,-0.2,,2,,,-0.33,,0.28,-7.43,138.64,-0.68,1.42,0.78,-0.79,,1.93,,,0.313,0.68,0.495,0.544,0.822,0.734,0.496,19,0.9,1.6,,23 - 33,6.5,0.2,,0.332,0.396,0.272,0.194,0.479,0.327,0.362,0.081,,0.064,0.331,0.056,0.055,,,0.171,0.242,0.001,84.5,,79.6,94.5,90.7,88,,,93.1,85,93.2,-1.8,,3.6,-0.2,0.7,-8.9,,,-6.6,2.3,0,2.1,,-8.1,8.4,5,-0.3,,,3.5,-0.2,0,1.8,,0.4,-0.5,0,-4.2,,,-2.5,4.7,0.1,1.6,,0.41,-0.11,-0.01,-5.63,,,-1.06,1.43,12.47,0.308,0.684,0.495,0.536,0.824,0.734,0.498,19,0.3,107,94,110,105,101,92,113,1.13,105,87,121,83,112,109,110,93,106,87.8,10.5,14,0.065,111,86,0.396,217,0.158,0.286,,,,1.9,0.247491639
19,2024,COL,29,129,302,334,73,46,15,2,10,40,37,23,0,79,7,2,0,9,3,0,0.242,94,88,42,10,1311,446,865,6,1,1,0.069,0.237,0.29,0.308,0.404,0.712,0.162,0.293,1.07,0.188,0.42,0.393,0.114,0.114,0.064,1,0.314790419,0.4,40,-8.4,-3.9,10.1,-1,-2,-0.2,($1.70),4.9,81,0.03,-5.01,5.03,-5.01,-0.57,0.83,0.73,2,-0.68,0.71,0.52,92.6,0.198,83.3,0.1,87.8,0.06,80.7,0.078,84.8,0.044,83.1,,,0.001,,-3.8,5.3,-6.3,0.3,0.3,0.8,,-0.56,2.03,-4.84,0.41,0.32,1.34,,0.351,0.697,0.493,0.59,0.869,0.752,0.411,0.656,0.122,-0.5,0.378,,0.087,0.044,,0.137,0.195,0.031,0.029,,0.099,,,,92.9,,88,83.1,,92,83.6,77.9,83,,84.3,,,-2.1,,0.5,0.3,,-4.8,1.8,-2.3,1.3,,-2,,,8.7,,4.3,2.7,,5.2,1.1,-5.5,-3.7,,2.6,,,-4.5,,-4,0.7,,0,1.9,2.7,-2.3,,1.6,,,-0.9,,-3.48,1.29,,0,0.76,6.66,-6,,1.22,,,0.328,0.658,0.493,0.547,0.854,0.752,0.502,19,-4.9,0.3,,22 - 37,-8.9,1.6,,0.36,0.387,0.253,0.147,0.507,0.347,0.335,0.094,,0.058,0.363,0.087,0.044,,,0.148,0.206,,84.8,,81.2,93.6,88.5,83.7,,,92.6,84.3,,-2.1,,0.2,-1.8,0.3,0.4,,,-4.3,2.3,,1.6,,-6.3,8,4.1,1.7,,,4.2,0.1,,1.1,,0.5,-5.2,-4.1,0.7,,,0.7,2.7,,0.93,,0.61,-1.1,-3.6,1.15,,,0.37,0.99,,0.32,0.656,0.493,0.527,0.858,0.754,0.515,19,0.5,96,72,105,94,100,107,97,0.92,96,110,97,86,112,106,85,95,118,90.3,14.1,22,0.098,111.7,99,0.44,225,0.164,0.286,,,,0,0.241721854
26,2024,PHI,29,116,264,300,62,46,6,1,9,34,32,34,1,71,1,1,0,5,10,5,0.235,88,60,45,7,1164,419,745,6,1,0,0.113,0.237,0.48,0.323,0.367,0.69,0.133,0.286,1.47,0.233,0.456,0.311,0.117,0.15,0.068,0,0.311906355,-0.7,35,-3.3,-1.9,9.1,-1,3.4,0.3,$2.80 ,4.6,91,-0.42,-5.21,4.79,-4.39,-0.43,0.92,2.01,3,-0.72,0.27,0.493,93.1,0.221,84.1,0.094,90.5,0.105,80.6,0.055,85,0.032,84,,,0.005,,1,-0.2,-2.6,-2.2,2.4,0.4,,0.18,-0.07,-2.35,-1.81,3.76,1.19,,0.338,0.665,0.475,0.592,0.867,0.754,0.419,0.623,0.117,-0.9,0.357,,0.095,0.033,,0.149,0.213,0.084,0.013,,0.057,,,,93.6,,89.7,84.1,,91.9,83.6,80.6,80.6,,85.1,,,-0.2,,0.2,-5.5,,-2.5,0,2.9,0.6,,1.6,,,9,,5.3,0.8,,4.6,1.2,-3.3,-4.3,,4.8,,,-2.5,,-3.9,0.4,,2.7,0.3,-1.3,-0.5,,2.1,,,-0.6,,-3.51,1.17,,1.58,0.11,-1.34,-3.11,,3.25,,,0.287,0.642,0.475,0.503,0.851,0.752,0.529,19.1,-2.9,-0.4,,23 - 35,-4.2,1.4,,0.351,0.402,0.247,0.211,0.5,0.289,0.38,0.056,,0.097,0.327,0.116,0.032,,,0.155,0.217,,85.5,,81.2,94.5,90.6,84.6,,,92.3,84,,2,,3.8,0.1,0.6,-5,,,-2,0.4,,3.1,,-5.3,7.9,4.3,-1.1,,,3.2,-0.4,,2.4,,-1.6,-3.4,-3.2,0.4,,,2.7,-0.1,,3.72,,-1.39,-0.88,-2.35,1.11,,,1.5,-0.03,,0.286,0.637,0.474,0.474,0.862,0.753,0.536,19.1,-0.2,94,119,105,98,91,88,95,1.14,104,87,128,84,117,104,122,94,98,87.9,9.7,10,0.052,114.4,72,0.371,194,0.163,0.28,,,,0.3,0.234848485
3,2024,BOS,29,136,312,351,75,54,11,1,9,38,35,29,4,92,6,4,0,6,9,4,0.24,86,88,47,11,1362,488,874,4,3,1,0.083,0.262,0.32,0.313,0.369,0.682,0.128,0.307,0.98,0.213,0.389,0.398,0.125,0.102,0.047,0.333,0.308011527,-3.3,38,-2.8,2.2,10.6,-1.1,9.5,1,$7.70 ,4.6,93,-0.55,-6.97,6.41,-4.19,-0.45,1.05,1.32,10,0.13,-0.65,0.486,94,0.278,85.1,0.04,90.6,0.077,80,0.089,86.4,0.03,83.9,,,0.013,,-3.2,-2.4,-3,-0.6,4,-1.1,,-0.48,-0.63,-5.49,-0.6,3.27,-2.74,,0.332,0.681,0.478,0.618,0.825,0.742,0.419,0.63,0.123,0.4,0.33,,0.036,0.036,,0.152,0.289,0.054,0.015,,0.088,,,,94.6,,90.5,85.6,,92.7,85,79.9,79.2,,86.3,,,-2.9,,1.5,-5,,-0.6,1.6,3.5,3.3,,-1.6,,,9.4,,4.6,0,,4.7,0.4,-5.5,-7.4,,3.5,,,-1.5,,-2.7,-1.4,,-2,-3.1,0.3,-0.4,,4.2,,,-0.33,,-5.56,-2.83,,-0.97,-0.8,0.46,-1.87,,3.5,,,0.296,0.657,0.478,0.553,0.825,0.742,0.505,18.2,1.1,-0.2,,23 - 38,-2.4,0.2,,0.348,0.357,0.295,0.152,0.54,0.308,0.37,0.089,,0.071,0.326,0.046,0.03,,,0.163,0.277,,87.1,,80.3,95.1,90.7,84.2,,,93,85.3,,-1.5,,3.1,-2.7,2.1,-4.3,,,-1.3,1.8,,1.4,,-7.7,8.1,3,-1.4,,,3.3,-1.3,,3.9,,-0.1,0,-3.3,-1.2,,,-3.4,-2.5,,3.26,,-0.15,0.01,-5.28,-3.02,,,-1.56,-0.67,,0.289,0.661,0.478,0.56,0.818,0.742,0.508,18.2,-0.1,104,93,114,102,99,90,110,1.06,93,105,97,88,101,118,86,105,100,89.5,15.9,19,0.085,110,82,0.366,224,0.164,0.287,,,,0.9,0.240384615
30,2024,SFG,28,130,297,336,67,44,13,0,10,39,39,30,0,76,4,4,1,4,0,2,0.226,96,86,42,7,1314,465,849,5,2,1,0.089,0.226,0.39,0.301,0.37,0.671,0.145,0.265,1.12,0.188,0.429,0.384,0.081,0.116,0.052,0.5,0.299253731,-3.7,36,-4.8,0.2,10.2,-1.1,4.9,0.5,$4.00 ,2,89,-0.51,-5.28,4.77,0.45,0.07,0.89,1.2,11,-0.25,-0.32,0.502,94,0.262,83.5,0.063,88.4,0.085,80.8,0.071,85.7,0.017,85.9,,,0.002,,-4,-0.3,-2,2.4,1.4,-0.6,,-0.6,-0.07,-2.36,2.18,1.52,-2.71,,0.289,0.639,0.448,0.626,0.859,0.777,0.456,0.655,0.1,-1.2,0.358,,0.047,0.017,,0.15,0.255,0.072,0.031,,0.072,,,,94.6,,88.3,85.9,,92.5,84.5,77.7,81.9,,85.7,,,-1.2,,0.9,1.2,,-3.1,2.6,0.5,1.2,,-4.6,,,9.4,,5.6,2.4,,4.3,1.1,-3.6,-5.9,,3.6,,,-6.3,,-1.8,-0.6,,0.3,-1.1,2,1.7,,1.5,,,-1.35,,-3.02,-2.68,,0.17,-0.33,2.18,4.09,,1.61,,,0.262,0.612,0.448,0.559,0.86,0.777,0.532,18.9,-0.9,-1.2,,22 - 34,-6,1.6,,0.42,0.381,0.199,0.137,0.535,0.327,0.345,0.056,,0.076,0.35,0.046,0.031,,,0.152,0.29,,87.4,,81,95,89.7,84,,,93.3,84,,-5.5,,3.1,-0.9,1.1,0.9,,,-2.8,2.2,,2.1,,-8.6,8.3,5,1.4,,,3.2,-0.1,,1.6,,3.3,-6.5,-1.3,0,,,0,-1.4,,2.12,,3.31,-1.43,-2.14,0.05,,,0.02,-0.38,,0.255,0.614,0.448,0.565,0.853,0.777,0.539,18.9,0.2,90,93,101,92,92,96,88,0.92,98,107,99,101,111,83,79,100,112,90.9,13.1,17,0.075,113.5,103,0.456,226,0.198,0.298,,,,0.5,0.225589226
1,2024,LAA,29,116,261,298,55,35,9,2,9,39,32,31,0,75,4,2,0,6,5,4,0.211,80,73,35,10,1247,461,786,8,0,0,0.104,0.252,0.41,0.302,0.364,0.666,0.153,0.257,1.1,0.186,0.426,0.388,0.137,0.123,0.1,0,0.298624161,-3.5,32,-1.6,1.2,9,-1,5.8,0.6,$4.70 ,5.2,95,0.46,-4.24,4.7,2.43,0.23,0.85,0.69,4,-0.55,1.1,0.42,94.2,0.274,83.9,0.126,90.6,0.059,80.9,0.112,86,0.009,86.3,,,0.002,,-1.9,4.8,-1.7,-2.6,0.7,-0.2,,-0.37,1.42,-1.09,-3.55,0.52,-1.57,,0.308,0.658,0.452,0.664,0.852,0.776,0.411,0.648,0.101,-2,0.263,,0.141,0.015,,0.16,0.258,0.043,0.017,,0.103,,,,94.7,,90.3,85.3,,93.2,83.6,79.3,84.8,,85.9,,,-0.7,,1.6,1.7,,-2.9,1.8,5.3,-0.1,,-6.9,,,10,,5.6,4,,4.4,0.5,-7,-6.3,,4.2,,,-3.1,,-1.4,0.3,,-0.1,4.7,-3.1,0.5,,0.1,,,-0.94,,-0.81,1.81,,-0.03,1.46,-5.91,2.26,,0.08,,,0.268,0.632,0.452,0.588,0.854,0.776,0.506,18.2,0.2,-1,,22 - 37,-3.6,0.2,,0.394,0.319,0.287,0.213,0.415,0.372,0.386,0.104,,0.057,0.259,0.144,0.015,,,0.162,0.258,0.001,86.4,,81.2,95.1,90.9,85.9,,,93.8,84,95.9,-6.4,,3.9,-1.2,2.3,1.6,,,-1.9,1.9,0,2.4,,-8.7,8.8,3.9,2.2,,,2.8,-1.3,0,0.1,,-2.5,-4.9,-1.2,0.3,,,1.7,4.2,0,0.1,,-3.59,-1.51,-0.69,1.81,,,0.84,1.3,3.81,0.271,0.63,0.452,0.617,0.843,0.776,0.505,18.2,-0.1,91,117,109,98,98,108,92,0.92,101,103,117,99,90,116,121,81,120,89,13.1,19,0.101,114.9,77,0.41,188,0.176,0.278,,,,0.8,0.210727969
24,2024,WSN,29,120,261,297,58,38,11,1,8,29,28,27,0,69,4,3,1,4,11,1,0.222,83,76,35,14,1168,415,753,3,2,0,0.091,0.232,0.39,0.302,0.364,0.666,0.142,0.267,1.09,0.18,0.428,0.392,0.184,0.105,0.036,0,0.297355932,-3.7,32,-6.2,-0.9,9,-1,4,0.4,$3.30 ,5.4,84,-0.21,-5.39,5.18,-10.05,-0.98,1.07,1.15,4,-0.72,0.53,0.473,93.4,0.197,85.8,0.104,87.8,0.087,78.3,0.093,81.9,0.046,85,,,,,0.6,0.6,-2.4,-0.2,0.1,-2.7,,0.1,0.27,-2.02,-0.23,0.05,-4.94,,0.348,0.694,0.491,0.69,0.868,0.794,0.412,0.663,0.101,1.7,0.274,,0.144,0.05,,0.199,0.164,0.061,0.021,,0.089,,,,93.9,,88.3,85.3,,92.7,84.7,78,77.9,,81.6,,,-2.8,,1,-5.6,,-0.3,3.6,0.6,5.9,,0.4,,,9.2,,5,2.4,,5.4,1.3,-5.2,-5.4,,3.2,,,1.4,,-2.9,-3.4,,-1,1.1,1.1,-0.9,,0.2,,,0.44,,-1.75,-5.8,,-0.42,0.59,1.51,-3.63,,0.19,,,0.308,0.668,0.491,0.667,0.849,0.793,0.509,18.6,-1.9,1.5,,23 - 34,-4.5,1.4,,0.418,0.372,0.209,0.219,0.469,0.311,0.35,0.092,,0.083,0.252,0.143,0.047,,,0.215,0.169,,82,,78.5,94.7,88.3,85.7,,,92.8,85,,0.3,,2.4,-3.3,0.7,-5.9,,,0.4,3.7,,1.5,,-7,8.2,3.6,0.6,,,4.2,0,,0,,0.1,1.1,-3.3,-3.1,,,-0.6,0.8,,0.01,,0.09,0.38,-1.95,-5.62,,,-0.23,0.41,,0.3,0.68,0.491,0.667,0.845,0.791,0.503,18.6,-0.5,89,95,103,92,91,94,88,0.88,98,110,90,100,108,88,127,88,106,88.5,14.6,17,0.086,114.2,78,0.396,197,0.15,0.251,,,,0.3,0.222222222
2,2024,BAL,29,127,270,301,61,34,16,2,9,45,45,22,1,58,2,6,1,0,4,0,0.226,86,93,38,8,1132,410,722,7,2,0,0.073,0.193,0.38,0.283,0.4,0.683,0.174,0.249,0.92,0.175,0.396,0.429,0.086,0.097,0.081,0,0.298795987,-4.3,32,-0.9,1,9.1,-1.2,9.3,0.9,$7.60 ,6.3,97,0.65,-5.5,6.16,8.15,0.87,1.13,1.69,11,-0.22,0.8,0.524,94.1,0.197,85,0.055,89.3,0.082,79.5,0.139,85.7,0.003,89.7,,,0.006,,-5.9,-0.6,0.7,0.1,5,0.2,,-1,-0.27,1.19,0.12,3.18,7.06,,0.325,0.714,0.486,0.609,0.853,0.758,0.415,0.545,0.118,1.1,0.399,,0.037,0.004,,0.121,0.216,0.074,0.005,,0.144,,,,94,,90.9,93,,94.2,84.9,79.4,81.6,,85.9,,,-0.9,,1.5,-9.7,,-4.7,1,2.9,-6.4,,-1,,,9.8,,5.7,2.4,,5.1,1,-6.2,-6.3,,4.8,,,-5.8,,1,-0.4,,-3,-1.4,0.5,0.1,,5.8,,,-1.29,,2.46,-9.24,,-2.22,-0.57,0.59,1.22,,3.54,,,0.307,0.672,0.486,0.557,0.85,0.756,0.492,18.7,-0.2,0.6,,23 - 36,0.2,0.2,,0.384,0.374,0.242,0.169,0.498,0.333,0.296,0.134,,0.097,0.383,0.03,0.007,,,0.143,0.206,,85.9,,80.8,94.6,92.1,89.1,,,94.3,85.5,,-0.4,,2.6,-1,1.4,-9,,,-4.3,0.7,,3.1,,-7.3,8.6,4.4,0.4,,,4.1,0,,6,,2,-6.1,1.1,0.4,,,-3.8,-2.8,,4,,1.83,-1.4,3.15,5.32,,,-2.38,-1.19,,0.298,0.673,0.486,0.56,0.84,0.754,0.501,18.7,0.1,98,82,84,92,107,122,89,0.87,94,113,92,97,106,97,96,97,108,89,14.6,21,0.096,112.6,92,0.42,219,0.152,0.269,,,,0.8,0.225925926
28,2024,STL,29,130,297,342,68,48,14,1,5,38,34,26,1,86,10,4,3,6,2,3,0.229,83,79,50,11,1329,486,843,10,6,2,0.076,0.251,0.3,0.309,0.333,0.642,0.104,0.3,1.05,0.236,0.392,0.373,0.139,0.063,0.12,0.333,0.290952381,-6.5,34,-8.3,2.7,10.4,-1.1,5.1,0.5,$4.10 ,3.4,81,0.55,-5.38,5.93,-1.87,-0.19,0.96,2.34,3,-0.59,1.16,0.459,94.3,0.205,83.4,0.051,88.9,0.073,80.1,0.144,86.4,0.037,87.8,0.031,77.6,0.022,,-1.1,1.1,-0.8,-1.1,-4.2,0.7,1.6,-0.18,0.4,-1.24,-1.2,-2.22,1.47,3.86,0.304,0.697,0.473,0.597,0.824,0.741,0.43,0.599,0.122,-0.3,0.308,,0.039,0.04,,0.152,0.202,0.074,0.012,,0.143,,0.031,,94.6,,89.7,87.5,,93.6,84.2,77.8,85.3,,86.4,,77.6,-1.5,,0.4,-3.4,,-3.4,0.7,2.5,2.9,,-4.1,,-2.7,8.9,,5.8,1.7,,4.6,0.9,-6.4,-5.1,,2.8,,-1.2,-4.3,,0.2,0.7,,1.8,0.5,-1.7,0.6,,-5.5,,1.6,-1.08,,0.35,1.31,,0.91,0.19,-1.76,4.2,,-2.94,,3.86,0.286,0.664,0.476,0.559,0.818,0.74,0.502,18.7,1.6,-1.2,,22 - 38,-8.6,1.6,,0.395,0.349,0.257,0.184,0.532,0.284,0.342,0.137,0.002,0.071,0.313,0.043,0.045,0.031,,0.143,0.216,,87,80.4,80.5,95.1,90.3,87.5,78.1,,94.2,84,,-4,6.6,5.1,-1.1,1.1,-2.9,-2.2,,-3.5,0.4,,1.5,-9,-8.8,7.9,4.4,0.6,-2.5,,3.3,-0.4,,-5,-0.1,-1.6,-6,-0.2,0.4,1.6,,3.3,0.4,,-2.83,-4.74,-1.78,-1.46,-0.38,0.75,3.86,,1.78,0.14,,0.288,0.653,0.476,0.546,0.819,0.739,0.513,18.7,-0.2,91,80,112,94,83,69,99,1.15,89,104,54,95,101,108,106,100,97,88.7,15.5,13,0.059,113.2,74,0.336,220,0.16,0.281,,,,0.3,0.228956229
14,2024,TOR,30,134,288,333,57,34,14,0,9,33,30,39,0,66,3,3,0,10,1,0,0.198,97,87,41,15,1339,504,835,3,0,0,0.117,0.198,0.59,0.297,0.34,0.637,0.142,0.222,1.11,0.182,0.431,0.387,0.172,0.103,0.031,0,0.288318318,-6.6,33,-3.1,-0.6,10.1,-1,4.8,0.5,$3.90 ,2.2,91,-0.57,-5.1,4.54,-6.25,-0.62,0.79,0.83,9,-0.4,-0.31,0.448,93,0.21,83.5,0.18,87.7,0.042,79.9,0.11,84.8,0.011,83.6,,,0.002,,3.2,-4.5,-7.3,3,-5.4,0.3,,0.53,-1.59,-3.03,5.43,-3.7,2.44,,0.286,0.7,0.457,0.647,0.884,0.797,0.414,0.607,0.093,-0.8,0.236,,0.153,0.014,,0.203,0.227,0.044,0.006,,0.118,,,,93.1,,87.8,82.3,,92.8,83.8,80.1,81.4,,85.6,,,-2.4,,1.1,-7.4,,-3.5,2.5,2.8,5.7,,-3.8,,,10.3,,4.2,1.3,,5.4,1.9,-5,-6,,2.9,,,5,,-3.5,0.3,,-2.7,-5.9,1,0.7,,-5.8,,,1.59,,-1.73,1.78,,-0.98,-1.94,1.61,8.69,,-3.67,,,0.251,0.652,0.457,0.571,0.884,0.8,0.514,19.1,-1.5,-0.1,,25 - 39,-3.9,0.2,,0.382,0.364,0.253,0.191,0.511,0.298,0.342,0.114,,0.041,0.224,0.135,0.008,,,0.218,0.26,,85.2,,80.2,93.7,88.9,82.8,,,93.3,84.5,,-5,,2.8,-2,1.5,-5.8,,,-2.7,3.1,,1.2,,-8.1,9.2,3.2,-1.8,,,3.8,0.2,,-5.8,,1.9,5.2,-3.4,0.8,,,-2.3,-7.2,,-3.82,,3.54,1.75,-1.89,7.61,,,-0.79,-2.08,,0.247,0.65,0.457,0.582,0.872,0.797,0.521,19.1,-0.2,86,132,86,97,91,100,80,0.9,103,102,98,96,103,102,109,99,96,87.2,13.6,15,0.067,111.8,73,0.324,225,0.166,0.258,,,,0.5,0.197916667
8,2024,MIN,29,104,230,273,44,28,10,3,3,21,19,29,2,73,11,3,0,3,2,1,0.191,72,52,35,4,1091,412,679,5,1,0,0.106,0.267,0.4,0.308,0.3,0.608,0.109,0.261,1.38,0.22,0.453,0.327,0.077,0.058,0.069,0,0.283062731,-7.7,25,-4.9,2.2,8.3,-1,5.2,0.5,$4.20 ,4.8,84,-1.11,-6.37,5.27,-12.45,-1.23,1.34,1.82,8,-0.72,-0.11,0.434,93.5,0.321,84.5,0.038,90.6,0.08,79.7,0.114,85,0.014,87.7,,,0.006,,-3.8,-1,-0.3,0.2,-0.6,1,,-0.8,-0.3,-0.68,0.28,-0.49,6.58,,0.288,0.68,0.444,0.503,0.797,0.682,0.398,0.575,0.141,0.5,0.214,,0.062,0.015,,0.195,0.305,0.087,0.008,,0.115,,,,93.1,,93.6,87.9,,93.3,84.7,79.6,81.3,,85,,,-1.3,,1.4,-8.3,,-7.6,2.6,4.5,-6.4,,-2.8,,,8.8,,6.1,0.8,,4.2,1.4,-4.5,-7.2,,4.6,,,3.7,,-1.6,-0.2,,-6.5,-1.1,0.2,-0.2,,-0.4,,,1.6,,-2.29,-1.41,,-3.05,-0.34,0.19,-2.36,,-0.28,,,0.261,0.637,0.444,0.438,0.787,0.682,0.487,18.2,1.2,-0.3,,25 - 38,-4.5,0.2,,0.469,0.338,0.194,0.156,0.531,0.313,0.385,0.117,,0.083,0.199,0.097,0.013,,,0.186,0.306,,85,,79.8,93.5,92.1,88.5,,,93.4,84.4,,-2.4,,4.4,-0.9,1.2,-6.2,,,-6.9,3.8,,2.5,,-7.1,7.7,4,-0.9,,,2.7,-0.5,,-0.5,,-0.6,3.7,-1.5,-0.1,,,-6.5,-0.6,,-0.4,,-0.63,1.72,-1.42,-0.56,,,-3.22,-0.17,,0.244,0.641,0.444,0.417,0.781,0.682,0.504,18.2,0.2,83,120,116,100,80,76,94,1.09,108,86,55,118,95,78,89,103,101,88.5,9.7,10,0.063,111.2,60,0.375,160,0.178,0.319,,,,0.5,0.191304348
6,2024,DET,28,125,273,306,57,39,9,1,8,28,27,26,1,70,4,3,0,5,5,0,0.209,83,82,40,13,1183,423,760,9,1,0,0.085,0.229,0.37,0.284,0.337,0.621,0.128,0.247,1.01,0.195,0.405,0.4,0.159,0.098,0.108,0,0.279934426,-8.7,28,-6.2,2.3,9.3,-1.1,4.6,0.5,$3.80 ,4.6,82,-1,-6.98,5.98,-12.16,-1.24,1.2,2.39,12,-0.75,-0.08,0.476,93.7,0.312,83.4,0.046,89.6,0.025,78.6,0.123,84.8,0.019,87.5,,,0.004,,-0.9,-1.9,-3.2,-0.9,-1.2,-1,,-0.17,-0.52,-5.94,-3.02,-0.82,-4.33,,0.315,0.665,0.47,0.625,0.842,0.76,0.442,0.592,0.112,0.1,0.326,,0.045,0.019,,0.151,0.319,0.017,0.001,,0.124,,,,94.3,,89.3,87.5,,91.9,83.2,77.8,83,,85,,,-0.8,,0.7,-9.4,,-7.7,0.9,1.4,6.1,,-2.1,,,8.9,,4.6,2.1,,5.1,1.1,-6.9,-8,,3.1,,,-0.1,,-3.3,-0.9,,-1.1,-2.2,-1.3,0,,-1.4,,,-0.03,,-6.3,-4.31,,-0.62,-0.58,-6.61,3.81,,-0.93,,,0.288,0.631,0.469,0.553,0.845,0.76,0.527,18.2,1.2,0.7,,22 - 36,-6,0.2,,0.418,0.364,0.218,0.223,0.5,0.277,0.34,0.127,,0.017,0.278,0.045,0.014,,,0.197,0.322,,85.8,,80.5,94.8,89.9,84.7,,,92.5,83.5,,-1.8,,3.4,-1.9,1.2,-9.7,,,-3.2,1.5,,1.5,,-8,8.2,3.3,0.2,,,3.7,-0.5,,-2,,-1.1,2.4,-3.1,-0.4,,,-3.6,-2.6,,-1.32,,-5.65,0.72,-5.92,-2.4,,,-1.54,-0.67,,0.292,0.628,0.469,0.573,0.841,0.762,0.525,18.2,0.1,91,96,99,92,90,90,89,0.97,96,106,93,105,103,88,127,97,90,88.1,15.6,16,0.078,111,77,0.374,206,0.172,0.284,,,,0.6,0.208791209
10,2024,OAK,28,136,291,329,56,35,12,2,7,23,23,31,1,92,3,2,2,5,3,2,0.192,101,66,34,7,1297,468,829,4,2,0,0.094,0.28,0.34,0.275,0.32,0.595,0.127,0.253,1.53,0.169,0.502,0.328,0.106,0.106,0.04,0,0.269570552,-12,27,-7.4,-6.6,10,-1,-6.5,-0.7,($5.20),3.5,80,-1.85,-6.69,4.84,-15.4,-1.65,1.13,2.08,11,-1.45,-0.19,0.402,93.4,0.242,83.2,0.12,89.3,0.053,79.4,0.127,85.1,0.056,85,,,0.004,,-3.1,-2.6,-2.6,-0.4,-3.8,-0.9,,-0.6,-0.83,-1.71,-0.53,-2.35,-1.24,,0.329,0.703,0.481,0.534,0.803,0.693,0.406,0.617,0.147,-1.7,0.287,,0.112,0.067,,0.109,0.245,0.053,0.006,,0.12,,,,93,,90.1,85.1,,93.7,83.3,79.3,82.9,,84.8,,,-1.8,,1.6,-7.7,,-6.2,3.3,4.2,2.1,,-3.3,,,9.8,,6,-0.4,,3.3,1.7,-5.2,-6.1,,3.7,,,-0.7,,-1.8,-2.7,,-2.9,-4.1,-0.2,0.6,,-2.3,,,-0.18,,-1.22,-3.15,,-2.04,-1.27,-0.31,7.88,,-1.47,,,0.29,0.679,0.482,0.471,0.792,0.694,0.492,17.9,-7.6,-0.5,,22 - 35,-9,0.2,,0.325,0.429,0.246,0.168,0.567,0.266,0.395,0.127,,0.05,0.27,0.108,0.061,,,0.127,0.258,,85.3,,80,93.8,90.3,86,,,94,84.1,,-3.1,,5.8,-1.6,2,-6.7,,,-4.5,3.7,,1.8,,-7.6,8.5,4.2,-1.5,,,2.6,0.2,,-3,,0.6,0.6,-3.5,-2.4,,,-4,-2.1,,-1.85,,0.89,0.17,-2.51,-3.07,,,-2.43,-0.61,,0.297,0.676,0.481,0.495,0.786,0.693,0.485,17.9,0.2,83,106,122,89,86,89,91,0.84,120,87,101,82,121,99,95,110,86,86.5,10.3,10,0.049,111.4,57,0.281,203,0.157,0.304,,,,-0.6,0.192439863
11,2024,SEA,28,133,294,323,62,45,11,0,6,27,27,23,1,95,5,1,0,4,3,1,0.211,88,66,44,6,1279,470,809,4,2,2,0.071,0.294,0.24,0.279,0.31,0.589,0.099,0.289,1.33,0.222,0.444,0.333,0.091,0.091,0.045,1,0.267360248,-12.4,26,-8,-3.2,9.8,-1,-3.9,-0.4,($3.10),2.9,78,-0.32,-5.69,5.36,-11.34,-1.22,1.01,1.41,10,-1.34,1.01,0.366,93.7,0.309,83.3,0.114,88.9,0.079,79.6,0.098,86.1,0.035,84.7,,,0.002,,-5.1,-8.1,-0.8,0.1,1.1,-0.8,,-1.1,-2.05,-0.58,0.11,0.84,-1.87,,0.298,0.661,0.451,0.573,0.829,0.731,0.422,0.622,0.121,-1.8,0.245,,0.117,0.025,,0.113,0.311,0.069,0.013,,0.107,,,,93.1,,89.7,86.1,,94.4,83.3,79.2,80.7,,85.5,,,-1.5,,1,-7.7,,-7.1,3,1.7,3.4,,-3.2,,,9.8,,5,0.4,,3.7,1.7,-4.2,-7,,2.8,,,-3,,-1.3,-1.3,,-1.7,-7.5,0.3,-1,,1.4,,,-0.95,,-0.86,-4.06,,-1.17,-1.88,0.35,-5.61,,1,,,0.277,0.626,0.451,0.52,0.822,0.729,0.499,18.1,-4.1,-0.1,,23 - 33,-9.7,0.2,,0.411,0.386,0.203,0.203,0.528,0.269,0.384,0.105,,0.077,0.24,0.116,0.022,,,0.125,0.316,,85.5,,79.7,93.4,89.8,86.8,,,94.3,83.7,,-4,,2.9,-1.3,1.3,-6.9,,,-5.9,3.4,,1.1,,-6.6,8.7,3,-0.9,,,2.5,0.4,,1.3,,-0.7,-3.5,-3.1,-0.6,,,-1.6,-5.7,,0.96,,-0.68,-1.14,-2.07,-2.28,,,-1.02,-1.42,,0.279,0.617,0.451,0.526,0.818,0.729,0.509,18.1,0.3,91,80,128,91,83,69,104,1.1,106,88,87,103,109,82,115,102,87,87.4,10.7,13,0.065,110.9,81,0.405,200,0.181,0.302,,,,-0.2,0.210884354
20,2024,MIA,28,138,308,339,64,47,10,0,7,30,29,26,2,76,3,1,0,13,4,0,0.208,121,70,39,8,1259,410,849,4,3,2,0.077,0.224,0.34,0.275,0.308,0.583,0.101,0.252,1.73,0.17,0.526,0.304,0.114,0.1,0.033,0.667,0.265863095,-14,26,-17,-7,10.3,-1,-12.4,-1.3,($10.00),3.5,61,-2.49,-7.64,5.15,-17.13,-1.7,1.08,1.48,12,-1.74,-0.56,0.477,93.5,0.182,85.1,0.147,87.9,0.041,78,0.125,83.3,0.028,88,,,0.03,,-6.6,-10.8,0.2,1.3,-2.5,2.4,,-1.12,-4.82,0.13,2.55,-1.65,6.93,,0.389,0.724,0.528,0.617,0.83,0.738,0.416,0.614,0.138,0.7,0.291,,0.122,0.028,,0.185,0.207,0.04,0.002,,0.127,,,,93.7,,88.2,88,,93.1,85.2,77.9,82.4,,83.3,,,-1.5,,0.7,-0.3,,1.1,1.4,-1.8,-2.6,,6.2,,,9.8,,5.4,4.2,,5.2,1.4,-5.2,-4.9,,4.8,,,-8.7,,1,2.4,,0.6,-11.5,1.2,0.1,,-2.5,,,-2.45,,0.65,6.93,,0.26,-4.51,2.42,6.62,,-1.61,,,0.358,0.7,0.53,0.566,0.822,0.736,0.502,18.1,-8,0.5,,24 - 34,-16.3,1.6,,0.434,0.352,0.215,0.167,0.528,0.305,0.322,0.13,,0.046,0.294,0.122,0.024,,,0.181,0.203,,83.6,,78.8,94,88.6,89,,,93.4,85.6,,6.6,,-1.1,-1,1.1,-2.6,,,1.3,1.9,,3.3,,-6.6,8.4,4,0.7,,,3.7,-0.2,,-1.5,,0.3,-7.9,0.3,0.8,,,-0.1,-9.8,,-0.93,,0.55,-2.19,0.18,2.69,,,-0.04,-3.91,,0.354,0.693,0.53,0.555,0.821,0.736,0.519,18.1,-0.2,83,80,100,84,77,66,83,0.83,120,85,85,104,102,90,97,99,104,88.6,9.7,19,0.081,112.9,87,0.372,234,0.145,0.284,,,,-1.3,0.207792208
25,2024,NYM,31,119,265,304,49,37,6,0,6,22,22,29,0,66,7,1,2,2,5,1,0.185,76,88,36,12,1220,446,774,4,2,0,0.095,0.217,0.44,0.281,0.275,0.556,0.091,0.222,0.86,0.18,0.38,0.44,0.136,0.068,0.053,0,0.258940397,-13,23,-13.8,-2.7,9.2,-1.1,-7.2,-0.7,($5.80),3.3,64,-2.12,-6.87,4.76,-17.02,-1.78,1.2,1.69,6,-1.63,-0.13,0.467,94.5,0.248,85.1,0.072,87.1,0.067,81.2,0.104,85.2,0.044,84.8,,,0.003,,-5.5,-4,0.4,-0.3,-2.2,-1.6,,-0.98,-1.34,0.4,-0.32,-1.71,-3.07,,0.315,0.63,0.455,0.615,0.856,0.764,0.445,0.579,0.107,-0.3,0.346,,0.083,0.044,,0.123,0.246,0.048,0.008,,0.102,,,,94.3,,87.5,84.8,,94.8,84.7,80.4,84.7,,85.3,,,-3.8,,0.4,-8.2,,-8.4,1.9,-0.1,1.3,,-4.7,,,10.3,,5.1,2.9,,6,1.5,-5.2,-4.9,,3.5,,,-4.9,,1.6,-1.6,,-1.3,-6.3,-0.7,0.3,,-2.2,,,-1.17,,1.59,-3.1,,-0.85,-2.12,-1.17,2.69,,-1.75,,,0.279,0.617,0.454,0.549,0.849,0.761,0.518,18.4,-3.8,0.3,,22 - 38,-14.1,1.5,,0.391,0.352,0.257,0.173,0.574,0.253,0.332,0.101,,0.06,0.346,0.074,0.043,,,0.122,0.253,,85.7,,81.8,94.8,87.6,85.1,,,95.2,85.4,,-3.9,,1.5,-2.8,0.8,-7.4,,,-7.4,3,,1.6,,-6.8,8.8,3.4,1,,,4.4,0,,-2.2,,-0.7,-4.5,1.5,-1.7,,,-1.6,-5.8,,-1.79,,-1.04,-1.08,1.65,-3.21,,,-1.12,-1.9,,0.278,0.611,0.454,0.551,0.848,0.762,0.527,18.4,0.2,74,100,97,85,69,60,73,0.88,87,123,58,94,102,108,100,108,86,88.9,17,13,0.064,113.8,71,0.352,202,0.175,0.282,,,,-0.8,0.18490566
4,2024,CHW,29,122,243,266,43,27,8,1,7,13,12,21,0,68,2,0,0,10,2,3,0.177,78,64,32,11,1027,376,651,5,1,1,0.079,0.256,0.31,0.248,0.305,0.553,0.128,0.214,1.22,0.184,0.448,0.368,0.172,0.109,0.064,1,0.249774436,-13.6,18,-11.6,1.5,8.1,-0.9,-4.4,-0.4,($3.50),2.2,61,-3.55,-7.27,3.72,-25.55,-2.49,1.21,2.06,7,-2.31,-0.62,0.477,93.5,0.21,83.7,0.035,88,0.139,80.7,0.137,84.2,0.003,86.7,,,0.001,,-13.8,0.5,-1.6,1.5,-3.8,-0.1,,-2.83,0.22,-4.46,1.07,-2.73,-3.17,,0.287,0.735,0.477,0.535,0.862,0.749,0.423,0.632,0.12,-1.7,0.38,,0.058,0.029,,0.098,0.187,0.127,0.013,,0.109,,,,93.3,,86,83.2,,94,83.7,80.8,78.6,,84.4,,,-2.8,,0,-7,,-2.1,1.3,5.3,4.5,,-3.1,,,9.4,,4.2,0.7,,5.9,0.7,-4.2,-5.9,,3.2,,,-8,,1.6,-1,,-7,-3.3,2.2,-0.8,,-2.4,,,-2.06,,2.71,-3.29,,-7.02,-1.74,1.72,-6.02,,-2.16,,,0.268,0.697,0.477,0.482,0.856,0.749,0.486,17.7,0.7,-1.1,,24 - 37,-13.3,0.2,,0.463,0.32,0.217,0.166,0.56,0.274,0.361,0.106,,0.128,0.362,0.034,0.032,,,0.104,0.233,0.001,84.2,,80.9,93.5,89.5,83.4,,,93.8,83.6,80.8,-3.1,,5.9,-2.5,-0.2,-6.3,,,-2.5,1.7,0,1.7,,-6.4,8.3,4.2,-0.5,,,4.7,-0.5,0,-3.1,,0.9,-6,-1.7,-0.8,,,-7.6,-0.2,0,-2.89,,0.66,-1.63,-5,-2.55,,,-7.12,-0.09,3.11,0.271,0.702,0.478,0.535,0.835,0.747,0.481,17.7,-0.2,77,89,111,81,82,90,77,0.91,107,97,104,116,90,87,94,109,89,88.9,11.5,10,0.057,111.9,68,0.389,175,0.154,0.274,,,,-0.4,0.176954733
